nama;waktu;rating;ulasan;;;;;;;;;;;;;;;;;;;;;;;;;;;;;;;;;;;;;;;;;;;;;;;;;;;;;;;;;;;;;;;;;;;;;;;;;
Eka Mahessa;2 bulan lalu;5;Beberapa kali sudah mengunjungi puncak Gunung Dempo. Setiap perjalanan memiliki cerita. Terakhir 22 sampai 25 April 2023 bersama orang orang tangguh, termasuk anak ku yang masih berumur 7 tahun.;;;;;;;;;;;;;;;;;;;;;;;;;;;;;;;;;;;;;;;;;;;;;;;;;;;;;;;;;;;;;;;;;;;;;;;;;
"ğŸ“via jalur Dusun IV""";2 bulan lalu;5;" Gn Dempo via Kampung IV memiliki jalur yang extrim. Selalu menanjak jalan tikus dan lain lain. Semua itu menguras tenaga Sampai jumpa lagi puncak Dempo.""";;;;;;;;;;;;;;;;;;;;;;;;;;;;;;;;;;;;;;;;;;;;;;;;;;;;;;;;;;;;;;;;;;;;;;;;;
davin lejar;3 bulan lalu;5;Trek pendakian untuk sampai ke puncak dan pelataran dominan tanah lembap,dan akar pohon yg sedikit licin di beberapa titik. Sumber mata air melimpah, pendaki tidak perlu membawa air terlalu banyak. Jangan pernah ambil air sendirian menghindari resiko serangan binatang buas.;;;;;;;;;;;;;;;;;;;;;;;;;;;;;;;;;;;;;;;;;;;;;;;;;;;;;;;;;;;;;;;;;;;;;;;;;
Bluv Ace;4 tahun lalu;5;Sesuai dengan namanya, Kota Pagaralam dikelilingi oleh pegunungan Bukit Barisan dan yang tertinggi adalah Gunung Dempo.;;;;;;;;;;;;;;;;;;;;;;;;;;;;;;;;;;;;;;;;;;;;;;;;;;;;;;;;;;;;;;;;;;;;;;;;;
"Wy trip My adventure ğŸ’ªğŸ’ªğŸ‘""";1 tahun lalu;5;Untuk mencapai lokasi  dari terminal Pagar Alam terlebih dulu mencarter mobil/taksi jurusan Pabrik Teh PTPN VII Persero yang jaraknya mencapai 8 km dari terminal. Mobil carteran akan tiba ke desa terdekat dari puncak gunung Dempo bernama Kampung 4 yang dapat memakan waktu lebih dari 20 menit karena jalannya cukup terjal dan berkelok melewati hamparan kebun teh hijau. Dari sana  proses pendakian dapat dimulai.;;;;;;;;;;;;;;;;;;;;;;;;;;;;;;;;;;;;;;;;;;;;;;;;;;;;;;;;;;;;;;;;;;;;;;;;;
Alfian;3 tahun;5;Pada hari-hari biasa di Gunung Dempo dapat ditemui banyak orang yang sengaja naik ke puncak utuk mencari kayu atau sekadar berhiking. Adapun wisatawan yang sengaja menyambangi pintu pendakian dengan hanya untuk berwisata di lerang gunung Dempo.;;;;;;;;;;;;;;;;;;;;;;;;;;;;;;;;;;;;;;;;;;;;;;;;;;;;;;;;;;;;;;;;;;;;;;;;;
Pramudya;2 tahun lalu;5;Meski gunung ini cukup tinggi terdapat air jernih yang dapat ditemui sampai setengah perjalanan  sehingga para pendaki tidak perlu khawatir kehabisan air minum selama  yaituÂ hutan montana. Jalan setapak penuh dengan akar-akar yang melintang perjalanan. SebuahÂ sungaiÂ kecil yang jernih mengalir di perbatasan hutan pertanda kita mulai memasuki daerah hutan yang ditumbuhi dengan tumbuhan yang mirip seperti yang kita temui di gunung Gede-Pangrango  kemiringan lereng sendiri cukup curam untuk memeras keringat. Tidak ada tanda-tanda khusus;;;;;;;;;;;;;;;;;;;;;;;;;;;;;;;;;;;;;;;;;;;;;;;;;;;;;;;;;;;;;;;;;;;;;;;;;
Regen;3 tahun;5;Empat atau lima jam perjalanan pendaki akan memasuki daerah denganÂ vegetasiÂ tumbuhanberpohon rendah dan semakin rendah beberapa daerah agak terbuka pandangan pun menjadi luas. Gunung Dempo memiliki dua puncak yang satunya bernama Puncak Api. Menjelang puncak pertama Dempo yang merupakan dataran masif. Puncak pertama ditumbuhi tanaman yang rendah mirip perdu. Dari puncak pertama ini turun kembali ke lembah yang diapit oleh puncak pertama dan puncak utama. Di lembah ini terdapat sebuah sumber mata air mengalir. Hanya air jernih ini sedikit kecut rasanya  mungkin pengaruh rembesan belerang. Dilembah inilah juga para pendaki dapat mendirikan tenda sebagaiÂ campÂ pendakian.;;;;;;;;;;;;;;;;;;;;;;;;;;;;;;;;;;;;;;;;;;;;;;;;;;;;;;;;;;;;;;;;;;;;;;;;;
Satya;3 bulan lalu;5;"Pendakian kepuncak utama tidak terlalu sulit. Lerengnya terdiri dari kerikil dan batu-batu dengan kemiringan lereng sekitar 40Â°  cukup stabil untuk didaki. Puncak utama gunung Dempo (3159 m)  merupakan kawah gunung berapi yang masih bergejolak dengan diameter sekitar seratus meter persegi. Dinding kawah cukup terjal dan tidak mungkin bisa dituruni tanpa peralatan yang memadai. Pemandangan dari puncak cukup mengasyikan. Jika tidak tertutup awan  pandangan akan lepas memandang daratan bengkulu jika menghadap arah selatan. Selain kawah yang memberikan kesan khusus  tampak juga terhamparan provinsi Bengkulu denganÂ Lautan HindiaÂ dengan hamparan lembah yang sunyi dan hening. Perjalanan turun hanya memakan waktu dua jam jika anda berlari. Namun lebih dianjurkan untuk menur  anda bisa menginap di Dusun IVuni Dempo dengan berhati-hati. ini akan memakan waktu sekitar lima tingga enam jam. Bila tidak memungkinkan untuk kembali ke kota  dengan terlebih dahulu minta izin kepala keamanan di sana.""";;;;;;;;;;;;;;;;;;;;;;;;;;;;;;;;;;;;;;;;;;;;;;;;;;;;;;;;;;;;;;;;;;;;;;;;;
Oncak yt;2 tahun lalu;5;Gunung yang sangat indah dan banyak cerita yang terjadi ketika pendakian tanggal 17 agustus 2020 mungkin ada kawan2 sependakian yang melakukan pendakian di tanggal itu masih mengingat mendaki sampai 15 jam an lebih tepat nya ğŸ‘Œ;;;;;;;;;;;;;;;;;;;;;;;;;;;;;;;;;;;;;;;;;;;;;;;;;;;;;;;;;;;;;;;;;;;;;;;;;
Niko Harlensi;4 tahun lalu;5;Mantap Djiwa.  ğŸƒğŸ—»track track yang sangat menantang, terjal, berbatu.jalur pendakian yang sangat menantang. Recoment buat kalian yang mau nanjak. Ketinggian top dempo di 3159mdpl.keren. Pesona dempo3159mdplğŸ‘ğŸ‘;;;;;;;;;;;;;;;;;;;;;;;;;;;;;;;;;;;;;;;;;;;;;;;;;;;;;;;;;;;;;;;;;;;;;;;;;
Okky chayen;2 tahun lalu;5;"Untuk lebih jelasnya pendakian gunung dempo tonton vlog nya di channel youtube ""okky chayen"" Semoga bermanfaat dan menambah informasi supaya tidak tersesat.salam hangat dari saya";;;;;;;;;;;;;;;;;;;;;;;;;;;;;;;;;;;;;;;;;;;;;;;;;;;;;;;;;;;;;;;;;;;;;;;;;
kevin offisial;2 tahun lalu;5;Pemandangan alam yg luar biasa indahnya, dengan latar gunung dempo dihiasi hamparan kebun teh;;;;;;;;;;;;;;;;;;;;;;;;;;;;;;;;;;;;;;;;;;;;;;;;;;;;;;;;;;;;;;;;;;;;;;;;;
fadil samsudin;3 minggu lalu;5;Sungguh luar biasa pengalaman di gunung dempo ini, ga bakalan menyesal naik gunung dempo..;;;;;;;;;;;;;;;;;;;;;;;;;;;;;;;;;;;;;;;;;;;;;;;;;;;;;;;;;;;;;;;;;;;;;;;;;
jayanti sa;2 tahun lalu;5;Alhamdulillah diberi kesempatan mendaki puncak Dempo lewat jalur Rimau tahun 2018;;;;;;;;;;;;;;;;;;;;;;;;;;;;;;;;;;;;;;;;;;;;;;;;;;;;;;;;;;;;;;;;;;;;;;;;;
nugraha latri;4 tahun lalu;5;Cara Mencapai Puncak;;;;;;;;;;;;;;;;;;;;;;;;;;;;;;;;;;;;;;;;;;;;;;;;;;;;;;;;;;;;;;;;;;;;;;;;;
Wisata;3  bulan lalu;4;Daerah terdekat untuk mencapai puncak G. Dempo yang masih bisa dilalui kendaraan adalah daerah perkebunan teh Dempo  terletak di lereng Timur pada ketinggian lk.1665m dpl. Untuk mencapai puncak kawah dari perkampungan terakhir diperlukan waktu 5 - 7 jam. Sedangkan kota terdekat dari perkebunan teh Dempo adalah kota Pagaralam jaraknya lebih kurang10 km  waktu tempuh antara perkebunan teh Dempo dan kota Pagaralam sekitar Â½ jam. Kota Pagaralam bisa dicapai lewat jalan darat dari Kota Palembang - Muara Enim - Lahat Ã¯- Pagar Alam.;;;;;;;;;;;;;;;;;;;;;;;;;;;;;;;;;;;;;;;;;;;;;;;;;;;;;;;;;;;;;;;;;;;;;;;;;
Dodisyah;7 bulan lalu;5;Potensi wisata yang terdapat di sekitar G. Dempo terdiri dari wisata alam dan wisata Cagar budaya. Terdapat empat wisata alam yang menarik untuk dikunjungi yaitu: Kawah Puncak G. Dempo  Kawasan Perkebunan teh Dempo  Air Terjun Singga Kudai dan Air Terjun Lawang Agung. Sedangkan wisata cagar budaya yang dikelola oleh Pemerintah Daerah Propinsi Jambi  Sumatra Selatan dan Bengkulu terdiri dari situs Arca manusia Dandolmen komplek Megalitik Tanjung Aro  dan Komplek Megalitik Tinggi Hari.;;;;;;;;;;;;;;;;;;;;;;;;;;;;;;;;;;;;;;;;;;;;;;;;;;;;;;;;;;;;;;;;;;;;;;;;;
Medio Destian;4 tahun lalu;5;Jalur pendakian dari kampung 4 lanjut ke medan yg luar biasa terjal, mulai dari tanah berakar sampai cadas, tetapi merapi nya sangat indah;;;;;;;;;;;;;;;;;;;;;;;;;;;;;;;;;;;;;;;;;;;;;;;;;;;;;;;;;;;;;;;;;;;;;;;;;
Heni Murhanayanti;5 tahun lalu;5;Trek tanjakan tiada ampun, apalagi lewat tugu rimau. Kalau beruntung anda akan melihat air kawah yg berwarna hijau;;;;;;;;;;;;;;;;;;;;;;;;;;;;;;;;;;;;;;;;;;;;;;;;;;;;;;;;;;;;;;;;;;;;;;;;;
Dolly Subagja;3 tahun lalu;5;Gunung yang tinggi nan indah di Sumatera Selatan. Pemandangan kebun teh dan udara yang sejuk membuat objek wisata ini sangat nyaman untuk liburan ataupun pendakian.;;;;;;;;;;;;;;;;;;;;;;;;;;;;;;;;;;;;;;;;;;;;;;;;;;;;;;;;;;;;;;;;;;;;;;;;;
Frinata Pakpahan;3 minggu lalu;5;Pengen main kesini karena sejuk alam nya;;;;;;;;;;;;;;;;;;;;;;;;;;;;;;;;;;;;;;;;;;;;;;;;;;;;;;;;;;;;;;;;;;;;;;;;;
Eko Apriyadi;6 tahun lalu;5;Pendakian pertama kali Gunung Dempo melalui track Tugu Rimau cukup melelahkan, tetapi ketika mendaki bersama teman-teman perjalanan selama 7 jam yang dirasa saat malam dan hujan yang lebat tidak menyurutkan semangat kami untuk mendaki gunung yang indah di Pagaralam ini.;;;;;;;;;;;;;;;;;;;;;;;;;;;;;;;;;;;;;;;;;;;;;;;;;;;;;;;;;;;;;;;;;;;;;;;;;
Febri andika;4 tahun lalu;5;Indah banget pemandanganya  gaes;;;;;;;;;;;;;;;;;;;;;;;;;;;;;;;;;;;;;;;;;;;;;;;;;;;;;;;;;;;;;;;;;;;;;;;;;
David Sat;1 tahun lalu;5;Sebelum berangkat saya banyak pikiran hati saya kesel tapi setela saya  sampai ke puncak Gunung Dempo Waw langsung hilang seketika gaes pikiran dan hati yg kesel tadi gaes kek apa ya ahh susah nyelasin nya gaes pokok nya kalo kawan-kawan udh sampai ke puncak happy pokok nya;;;;;;;;;;;;;;;;;;;;;;;;;;;;;;;;;;;;;;;;;;;;;;;;;;;;;;;;;;;;;;;;;;;;;;;;;
Achmad Baiquni;5 tahun lalu;5;mendaki gunung Dempo yang treknya dikenal lumayan berat, bahkan ada yang menyebut lebih berat dibandingkan trek gunung Kerinci.;;;;;;;;;;;;;;;;;;;;;;;;;;;;;;;;;;;;;;;;;;;;;;;;;;;;;;;;;;;;;;;;;;;;;;;;;
Dhe andra;3 tahun lalu;5;Wisata alam dgn keindahan yg masih terjaga kelestariannya;;;;;;;;;;;;;;;;;;;;;;;;;;;;;;;;;;;;;;;;;;;;;;;;;;;;;;;;;;;;;;;;;;;;;;;;;
E L;3 minggu lalu;5;Destinasi wisata pilihan yg recomended;;;;;;;;;;;;;;;;;;;;;;;;;;;;;;;;;;;;;;;;;;;;;;;;;;;;;;;;;;;;;;;;;;;;;;;;;
Bhunda Lingga;2 minggu lalu;5;Dijamin puas jika sudah sampai...;;;;;;;;;;;;;;;;;;;;;;;;;;;;;;;;;;;;;;;;;;;;;;;;;;;;;;;;;;;;;;;;;;;;;;;;;
Jon AdiGuna;2 tahun lalu;5;Inih nih rekomendasi Gunung di sumsel Trek nya mantap bener dan disuguhin pemandangan yang ga ada di tempat lain;;;;;;;;;;;;;;;;;;;;;;;;;;;;;;;;;;;;;;;;;;;;;;;;;;;;;;;;;;;;;;;;;;;;;;;;;
Kamin Siregar;6 tahun lalu;4;Subahanallah...Pemandangan Kebun Teh yg luar biasa, dari Puncak Gunung Dempo Pagar Alam-Sumsel.;;;;;;;;;;;;;;;;;;;;;;;;;;;;;;;;;;;;;;;;;;;;;;;;;;;;;;;;;;;;;;;;;;;;;;;;;
irfan andrea;5 tahun lalu;5;Indah sekali pemandangan Gunung Dempo, baik dari Kota Pagaralam di bawah, maupun dari Tugu Rimau di atas. Buat para pendaki gunung layak untuk didaki, cuma saat ini masih dalam Status Waspada dan ada gas beracunnya, jadi masih belum bisa didaki....;;;;;;;;;;;;;;;;;;;;;;;;;;;;;;;;;;;;;;;;;;;;;;;;;;;;;;;;;;;;;;;;;;;;;;;;;
Robi Sugara;2 tahun lalu;5;Nuansa alam yg masih alami, udara yg masih segar sejuk. Enak buat ngilangin unek2 dalam hati. Cukup bertatap Dgn alam2 yg indah, maha karya sang pencipta. Bakal timbul perasaan yg tidak bisa kita ceritakan;;;;;;;;;;;;;;;;;;;;;;;;;;;;;;;;;;;;;;;;;;;;;;;;;;;;;;;;;;;;;;;;;;;;;;;;;
Ilham Akbar;5 tahun lalu;5;Kreeen. Luas mantap dingin..mantap untuk liburan... Ajak keluarga bahkan pasangan... Apalagi yg haus refresing dari penat hiruk pikuk aktifitas perkotaan... Disini tempatnya.. Penginapan sekaligus aura yang dingin... Enak untuk semua muanya... Liburan d sumsel ya disini...gk lengkap kalo rang sumsel gk pernah berkunjung atau liburan kesini... Disinilah pusat jagar alam... Nama nya jg pagaralam... Banyak lokasi yg asri.. Bkn hanya gunung dempo yg utama tp kebun teh... Curup2 yg ada disekitarannya... Yang mana puluhan curup yg ada dan baru diketemukan jg ada...;;;;;;;;;;;;;;;;;;;;;;;;;;;;;;;;;;;;;;;;;;;;;;;;;;;;;;;;;;;;;;;;;;;;;;;;;
Dani Bta;9 bulan lalu;5;Saya pernah mendaki di sini sekitar tahun 2012 keren bro, wisata gunung tertinggi yg berada di Sumatera Selatan..ğŸ‘ğŸ‘ğŸ‘;;;;;;;;;;;;;;;;;;;;;;;;;;;;;;;;;;;;;;;;;;;;;;;;;;;;;;;;;;;;;;;;;;;;;;;;;
Dodi Saputra;5 tahun lalu;5;Bagi yg suka mendaki gunung,recomend deh sama gunung dempo track nya keren, pemandangan nya bagus banged;;;;;;;;;;;;;;;;;;;;;;;;;;;;;;;;;;;;;;;;;;;;;;;;;;;;;;;;;;;;;;;;;;;;;;;;;
Lesta Minarni;2 tahun lalu;5;Salah satu tempat wisata di sumsel, cocok bagi yg suka menitmati alam yg asri, perkebunan teh yang luas, banyak air air terjun dikawasan ini, ada juga tempat rekreasi seperti taman, kolam renang, dll. lama perjalanan -+ 7 jam dari kota palembang, akses kesini dg kendaraan pribadi, travel, dan bis juga bisa. stiap hari ramai pengunjung yang datang (sebelum pandemi) kalau saat pandemi seperti ini pengunjung dibatasi, pendakian dempo ditutup, prokes ketat.;;;;;;;;;;;;;;;;;;;;;;;;;;;;;;;;;;;;;;;;;;;;;;;;;;;;;;;;;;;;;;;;;;;;;;;;;
Anggi Saputra;4 tahun lalu;5;Indah banget,, sayang pas di puncak banyak kabut,, merasa senang dan nyaman ad di kebun teh pagar alam...ğŸ˜Š;;;;;;;;;;;;;;;;;;;;;;;;;;;;;;;;;;;;;;;;;;;;;;;;;;;;;;;;;;;;;;;;;;;;;;;;;
Aryo Anggono;5 tahun lalu;5;Selalu teringat trek nya ..bakal kembali lagi suatu hari nantiğŸ’ª;;;;;;;;;;;;;;;;;;;;;;;;;;;;;;;;;;;;;;;;;;;;;;;;;;;;;;;;;;;;;;;;;;;;;;;;;
Aaron Cung;4 tahun lalu;5;Kerenn ğŸ‘ pagar alam sejuk;;;;;;;;;;;;;;;;;;;;;;;;;;;;;;;;;;;;;;;;;;;;;;;;;;;;;;;;;;;;;;;;;;;;;;;;;
Khairul jozz;4 tahun lalu;4;Tempat yg sangat sejuk adalah di atas gunung;;;;;;;;;;;;;;;;;;;;;;;;;;;;;;;;;;;;;;;;;;;;;;;;;;;;;;;;;;;;;;;;;;;;;;;;;
Rantika Aswan;3 tahun lalu;5;Teristimewah berkesan, sekali coba nagih maunya naik lagi ğŸ˜;;;;;;;;;;;;;;;;;;;;;;;;;;;;;;;;;;;;;;;;;;;;;;;;;;;;;;;;;;;;;;;;;;;;;;;;;
Pandawa Jr;2 tahun lalu;5;Gunung tertinggi disumsel yg berada dipagaralam.tinggi menjulang indah ramai pendaki semoga tetap terjga kelestariannya;;;;;;;;;;;;;;;;;;;;;;;;;;;;;;;;;;;;;;;;;;;;;;;;;;;;;;;;;;;;;;;;;;;;;;;;;
Rikoo r;5 bulan lalu;5;Pemandangannya indaahhh .. DINGIN...;;;;;;;;;;;;;;;;;;;;;;;;;;;;;;;;;;;;;;;;;;;;;;;;;;;;;;;;;;;;;;;;;;;;;;;;;
Irawan Karnadi;4 tahun lalu;5;Sejuk, gunung dempo merupakan gunung berapi tertinggi di sumatera selatan, untuk mendaki puncak dempo, bisa dilakukan lewat 2 jalur, sebelum melakukan pendakian, anda bisa menikmati udara segar perkebunan teh pagar alam, puncak dempo ada 2 puncak, yang di pisahkan oleh pelataran pasir/kerikil. Disini biasanya para pendaki mendirikan tenda, sebelum melakukan SUMMIT ke puncak tertinggi. tapi sayang sekali masih banyak sampah yang tinggalkan begitu saja, jalur kampung 4 lebih landai daripada jalur tugu rimau, selamat berpetulang;;;;;;;;;;;;;;;;;;;;;;;;;;;;;;;;;;;;;;;;;;;;;;;;;;;;;;;;;;;;;;;;;;;;;;;;;
Wandy Anime;6 tahun lalu;4;Keren, rasa gak mau pulang ...;;;;;;;;;;;;;;;;;;;;;;;;;;;;;;;;;;;;;;;;;;;;;;;;;;;;;;;;;;;;;;;;;;;;;;;;;
hery Prasetyo;4 tahun lalu;5;Cocok kalo saya ke pagar alam tapi enak ke pangkal pinang ke pelabuhan tanjung api api 2 jam menungu kapal 2 jam ke peyebagan muntok 4 jam ke pangkal pinang 3 jaman kalo ke pagar alam 9_10  jam tapi masih di sumatera selatan  tapi di keliligin gunung makan nambah dingin dan segar;;;;;;;;;;;;;;;;;;;;;;;;;;;;;;;;;;;;;;;;;;;;;;;;;;;;;;;;;;;;;;;;;;;;;;;;;
Rahmad Khairul;5 tahun lalu;5;Gunung Dempo adalah sebuah gunung yang mempunyai ketinggian hingga 3,195 meter, dan memiliki kawasan hutan Dipterokarp Bukit hutan Montane serta Hutan Ericaceous atau yang disebut hutan gunung. Gunung ini terletak pada perbatasan provinsi Sumatera Selatan dan Bengkulu. Untuk bisa mencapai desa terdekat, Anda harus terlebih dahulu mencapai kota Pagar Alam, lebih kurang 7 jam perjalanan darat dari Palembang. Dari Palembang tersedia banyak bus yang menuju arah Pagar Alam, salah satunya bus Dharma Karya.;;;;;;;;;;;;;;;;;;;;;;;;;;;;;;;;;;;;;;;;;;;;;;;;;;;;;;;;;;;;;;;;;;;;;;;;;
RNV Official;5 tahun lalu;5;Tempat orang touring dan memanjat tebing, tempat penginapannya juga pas banget di gunung gare ada villa ny juga, tempat yang tepat untuk berlibur mengajak keluarga. Letaknya di provinsi sumatera selatan arah muara enim lahat.;;;;;;;;;;;;;;;;;;;;;;;;;;;;;;;;;;;;;;;;;;;;;;;;;;;;;;;;;;;;;;;;;;;;;;;;;
Awal Borb7;3 tahun lalu;4;Udara&amp;;;;;;;;;;;;;;;;;;;;;;;;;;;;;;;;;;;;;;;;;;;;;;;;;;;;;;;;;;;;;;;;;;;;;;;;;
Agung Mulyadi;3 minggu lalu;5;Ga nyesel datang kesini;;;;;;;;;;;;;;;;;;;;;;;;;;;;;;;;;;;;;;;;;;;;;;;;;;;;;;;;;;;;;;;;;;;;;;;;;
Hadi Candra;4 tahun lalu;5;Subhanallah,indah sekali allah menciptakan ciptaanya,pagar kota para jenderal,kota nan sejuk,penduduknya ramah,alam nya masih asri,cocok buat wisata keluarga,yg paling penting sekarang sudah ada pesawat dari palembang ke pagar alam pulang pergi satu kali sehari.;;;;;;;;;;;;;;;;;;;;;;;;;;;;;;;;;;;;;;;;;;;;;;;;;;;;;;;;;;;;;;;;;;;;;;;;;
BOS_ UCUF;2 tahun lalu;5;Gunung Dempo tempatnya di daerah pagar alam Sumatra Selatan.. Penuh view pemandangan kebun teh., air terjun dan kawah.;;;;;;;;;;;;;;;;;;;;;;;;;;;;;;;;;;;;;;;;;;;;;;;;;;;;;;;;;;;;;;;;;;;;;;;;;
Zenith Halalan;5 tahun lalu;5;Gunung dempo merupakan puncak tertinggi di sumatra selatan dengan ketinggian 3159 mdpl. Kawasan wisata dempo, pagar alam menawarkan panorama pemandangan yang indah. Hamparan ladang petani dan hijaunya kebun teh menjadikan Gunung Dempo layaknya bidadari bagi pariwisata Sumatera Selatan dangan pemandangan alam dan hamparan kebun tehnya yang indah.;;;;;;;;;;;;;;;;;;;;;;;;;;;;;;;;;;;;;;;;;;;;;;;;;;;;;;;;;;;;;;;;;;;;;;;;;
Rahmat Doank;3 tahun lalu;5;Bagi anda yg menyukai alam pegunungan anda dapat berkunjung bersama teman2 dan rekan sejawat untuk menikmati tinggi nya gunung Dempo...;;;;;;;;;;;;;;;;;;;;;;;;;;;;;;;;;;;;;;;;;;;;;;;;;;;;;;;;;;;;;;;;;;;;;;;;;
Dewi Kartini;3 tahun lalu;5;Gunung Dempo terletak di perbatasan provinsi Sumatra Selatan dan provinsi Bengkulu tepatnya di kota dingin penghasil kopi robusta yaitu Kota Pagaralam. Gunung Dempo terletak di kota Pagaralam, dengan jarak tempuh darat sekitar 7 jam dari Palembang, ibu kota provinsi Sumatra Selatan.;;;;;;;;;;;;;;;;;;;;;;;;;;;;;;;;;;;;;;;;;;;;;;;;;;;;;;;;;;;;;;;;;;;;;;;;;
jhon walker;4 tahun lalu;5;Tempat berwisata keluarga yg patut untuk di kunjungi. Dengan hamparan hijau nya perkebunan teh.gunung dempo yg menjulang tinggi udara yg segar. Siap memanjakan anda yg berkunjung.;;;;;;;;;;;;;;;;;;;;;;;;;;;;;;;;;;;;;;;;;;;;;;;;;;;;;;;;;;;;;;;;;;;;;;;;;
setiawan setiawan;6 tahun lalu;5;Udaranya sangat dinging, dan pemandangan nya pun indah ada dedaunan teh yang sangat banyak, pokok nya seru deh pengalaman pertama kali ke gunung dempo /pagar alam ğŸ˜˜ IğŸ’–PAGAR ALAM ğŸ‘ğŸ‘Œ;;;;;;;;;;;;;;;;;;;;;;;;;;;;;;;;;;;;;;;;;;;;;;;;;;;;;;;;;;;;;;;;;;;;;;;;;
Eko Mujiyanto;4 tahun lalu;5;Sejuk dan menenangkan.., untuk liburan sangat cocok n menenangkan ditambah lagi penduduk di sekitar kebun tehnya ramah2...terasa damai.;;;;;;;;;;;;;;;;;;;;;;;;;;;;;;;;;;;;;;;;;;;;;;;;;;;;;;;;;;;;;;;;;;;;;;;;;
Yolanda Yasmin;4 tahun lalu;5;Enak banget udaranya sejuk cocok banget kalo liburan ke sini pagi pagi bisa liat matahari terbit dengan hamparan kebun teh yang luas;;;;;;;;;;;;;;;;;;;;;;;;;;;;;;;;;;;;;;;;;;;;;;;;;;;;;;;;;;;;;;;;;;;;;;;;;
Mareta _JuspiAgst;4 tahun lalu;5;Pagaralam Kota Kecil Sejuta Cerita;;;;;;;;;;;;;;;;;;;;;;;;;;;;;;;;;;;;;;;;;;;;;;;;;;;;;;;;;;;;;;;;;;;;;;;;;
Mersya Efendi;3 tahun lalu;5;Tempat yang mantap untuk mendaki gunung...;;;;;;;;;;;;;;;;;;;;;;;;;;;;;;;;;;;;;;;;;;;;;;;;;;;;;;;;;;;;;;;;;;;;;;;;;
Zhafarullah Ahmad;5 tahun lalu;5;Kebun teh yg luar biasa , seluruh kota pagaralam terlihat dari sini , walaupun nggk sampai puncak tapi pemandangannya luar biasa ğŸ‘ğŸ‘;;;;;;;;;;;;;;;;;;;;;;;;;;;;;;;;;;;;;;;;;;;;;;;;;;;;;;;;;;;;;;;;;;;;;;;;;
Faren Lintang;2 tahun lalu;4;Gunung Dempo dan perkebunan teh, tempat wisata alam kota pagaralam Sumsel yang indah dan sejuk;;;;;;;;;;;;;;;;;;;;;;;;;;;;;;;;;;;;;;;;;;;;;;;;;;;;;;;;;;;;;;;;;;;;;;;;;
Dedi Pga;5 tahun lalu;5;Pemandangan yg sangat bagus.;;;;;;;;;;;;;;;;;;;;;;;;;;;;;;;;;;;;;;;;;;;;;;;;;;;;;;;;;;;;;;;;;;;;;;;;;
iin Keke;2 tahun lalu;5;Ini perjalanan ku pada tahun 1997 silam.. Banyak kenangan d sini.. Tpi sekarang gn dempo sdah mnjadi tmpat nya sampah para pendaki.. Yuk.. Jdi la penikmat Alam yg bijak.. Bawa kembali lg turun sampah mu... Karena gunung menyimpan sumber kehidupan..;;;;;;;;;;;;;;;;;;;;;;;;;;;;;;;;;;;;;;;;;;;;;;;;;;;;;;;;;;;;;;;;;;;;;;;;;
Trisno Romadonsa;2 tahun lalu;5;Luar biasa;;;;;;;;;;;;;;;;;;;;;;;;;;;;;;;;;;;;;;;;;;;;;;;;;;;;;;;;;;;;;;;;;;;;;;;;;
bayu sadikin;4 tahun lalu;4;Gunung tertinggi di Sumatera Selatan, 3159 MDPL.;;;;;;;;;;;;;;;;;;;;;;;;;;;;;;;;;;;;;;;;;;;;;;;;;;;;;;;;;;;;;;;;;;;;;;;;;
Furnama Aji;2 tahun lalu;5;Tempatnya indah akses jalanya baik tapi ada beberapa lobang;;;;;;;;;;;;;;;;;;;;;;;;;;;;;;;;;;;;;;;;;;;;;;;;;;;;;;;;;;;;;;;;;;;;;;;;;
Samuel Chandra;4 tahun lalu;5;Trek sangat menantang, butuh 8 jam mendaki dr Tugu Rimau sampai puncak...;;;;;;;;;;;;;;;;;;;;;;;;;;;;;;;;;;;;;;;;;;;;;;;;;;;;;;;;;;;;;;;;;;;;;;;;;
Jrongen Rasta;2 tahun lalu;3;KenangÂ²an Msih pacaran...;;;;;;;;;;;;;;;;;;;;;;;;;;;;;;;;;;;;;;;;;;;;;;;;;;;;;;;;;;;;;;;;;;;;;;;;;
Febri Alamsyah;3 bulan lalu;5;AdemğŸ˜;;;;;;;;;;;;;;;;;;;;;;;;;;;;;;;;;;;;;;;;;;;;;;;;;;;;;;;;;;;;;;;;;;;;;;;;;
Isco bes;2 tahun lalu;5;Keindahan Alam dengan ketinggian 3000mdpl, dengan kawah aktif yg banyak warna;;;;;;;;;;;;;;;;;;;;;;;;;;;;;;;;;;;;;;;;;;;;;;;;;;;;;;;;;;;;;;;;;;;;;;;;;
Siska Anggraini;2 tahun lalu;5;info dong ada tmpat penginapan yg dkat gunung kah;;;;;;;;;;;;;;;;;;;;;;;;;;;;;;;;;;;;;;;;;;;;;;;;;;;;;;;;;;;;;;;;;;;;;;;;;
Teguh Saputra;2 tahun lalu;4;tanya dong gan apakah gunung Dempo awal bulan April nanti bukak dan bisa di naiki;;;;;;;;;;;;;;;;;;;;;;;;;;;;;;;;;;;;;;;;;;;;;;;;;;;;;;;;;;;;;;;;;;;;;;;;;
Subhan Aag;2 tahun lalu;5;Kesejukan alam yg masih sangat alami;;;;;;;;;;;;;;;;;;;;;;;;;;;;;;;;;;;;;;;;;;;;;;;;;;;;;;;;;;;;;;;;;;;;;;;;;
Neo Caesar;6 tahun lalu;5;ajib neeh tempat walau jauh;;;;;;;;;;;;;;;;;;;;;;;;;;;;;;;;;;;;;;;;;;;;;;;;;;;;;;;;;;;;;;;;;;;;;;;;;
Jelatang Rimba;5 tahun lalu;5;Salah satu gunung berapi aktif di sumatra;;;;;;;;;;;;;;;;;;;;;;;;;;;;;;;;;;;;;;;;;;;;;;;;;;;;;;;;;;;;;;;;;;;;;;;;;
Ilham Aryadi;4 tahun lalu;5;Gunung tertinggi sumatra selatan;;;;;;;;;;;;;;;;;;;;;;;;;;;;;;;;;;;;;;;;;;;;;;;;;;;;;;;;;;;;;;;;;;;;;;;;;
kodox ngorex;6 tahun lalu;5;Pengen kesini. Klau dari kota pagar alam naik mbil brpa jauh y kepuncak dempo? Rusak gk jalan ny;;;;;;;;;;;;;;;;;;;;;;;;;;;;;;;;;;;;;;;;;;;;;;;;;;;;;;;;;;;;;;;;;;;;;;;;;
PapiT0 Gaming;4 tahun lalu;5;Sekarang sudah enak bisa keatas naik mobil dan pemandangan yang indah dan udara yang sejuk;;;;;;;;;;;;;;;;;;;;;;;;;;;;;;;;;;;;;;;;;;;;;;;;;;;;;;;;;;;;;;;;;;;;;;;;;
Nalsen mandela;3 tahun lalu;5;Sangat memuaskan pendakian yang tak terlupakan;;;;;;;;;;;;;;;;;;;;;;;;;;;;;;;;;;;;;;;;;;;;;;;;;;;;;;;;;;;;;;;;;;;;;;;;;
Yuli Engkong;4 tahun lalu;5;Edaaan nanjak terus;;;;;;;;;;;;;;;;;;;;;;;;;;;;;;;;;;;;;;;;;;;;;;;;;;;;;;;;;;;;;;;;;;;;;;;;;
Febry Albarrak;4 tahun lalu;5;Wisata alam pegunungan yang sangat elok, dan luar biasa, tak pernah membosankan, MasyaAllah;;;;;;;;;;;;;;;;;;;;;;;;;;;;;;;;;;;;;;;;;;;;;;;;;;;;;;;;;;;;;;;;;;;;;;;;;
suara jiwa;2 tahun lalu;5;Luar biasa.;;;;;;;;;;;;;;;;;;;;;;;;;;;;;;;;;;;;;;;;;;;;;;;;;;;;;;;;;;;;;;;;;;;;;;;;;
Mirian Suandi;2 tahun lalu;5;Menakjubkan pemandangan yang sangat indah;;;;;;;;;;;;;;;;;;;;;;;;;;;;;;;;;;;;;;;;;;;;;;;;;;;;;;;;;;;;;;;;;;;;;;;;;
Valen oficial;2 tahun lalu;5;Sangat indah sekali pokok nya;;;;;;;;;;;;;;;;;;;;;;;;;;;;;;;;;;;;;;;;;;;;;;;;;;;;;;;;;;;;;;;;;;;;;;;;;
Pandu Dewantara;4 tahun lalu;5;Saya pertama kali naik Dempo, wah asik bener, rasa nya lain dengan gunung gunung lainnya.;;;;;;;;;;;;;;;;;;;;;;;;;;;;;;;;;;;;;;;;;;;;;;;;;;;;;;;;;;;;;;;;;;;;;;;;;
SYAHRIAL jrx;2 tahun lalu;5;Alhamdulillah di beri kesempatan mendaki gunung dempo;;;;;;;;;;;;;;;;;;;;;;;;;;;;;;;;;;;;;;;;;;;;;;;;;;;;;;;;;;;;;;;;;;;;;;;;;
Muhammad Adha;2 tahun lalu;5;Pelaman pertama melakukan aktifitas outdoor;;;;;;;;;;;;;;;;;;;;;;;;;;;;;;;;;;;;;;;;;;;;;;;;;;;;;;;;;;;;;;;;;;;;;;;;;
Aldi Salaam;5 tahun lalu;5;Indahnya luar biasa, sejuuk;;;;;;;;;;;;;;;;;;;;;;;;;;;;;;;;;;;;;;;;;;;;;;;;;;;;;;;;;;;;;;;;;;;;;;;;;
Hery Duduttt;5 tahun lalu;5;banyak tangan2 tak bertanggung jawab buang sampang di sepanjang jalan menuju kesana. ckckck;;;;;;;;;;;;;;;;;;;;;;;;;;;;;;;;;;;;;;;;;;;;;;;;;;;;;;;;;;;;;;;;;;;;;;;;;
VOENLI MEO;5 tahun lalu;5;Keadaan gunung tempo yang sangat sejuk membuat hati menjadi senang;;;;;;;;;;;;;;;;;;;;;;;;;;;;;;;;;;;;;;;;;;;;;;;;;;;;;;;;;;;;;;;;;;;;;;;;;
Karin Chanx;2 tahun lalu;5;Sangat indah pemandangannya;;;;;;;;;;;;;;;;;;;;;;;;;;;;;;;;;;;;;;;;;;;;;;;;;;;;;;;;;;;;;;;;;;;;;;;;;
Mansari Mansari;2 tahun lalu;5;Hi Ndari naik ke,...bila belum ada  isin,;;;;;;;;;;;;;;;;;;;;;;;;;;;;;;;;;;;;;;;;;;;;;;;;;;;;;;;;;;;;;;;;;;;;;;;;;
fafaaflasher3 Me;2 tahun lalu;5;Gunungnya bagus banget;;;;;;;;;;;;;;;;;;;;;;;;;;;;;;;;;;;;;;;;;;;;;;;;;;;;;;;;;;;;;;;;;;;;;;;;;
Mardy Yanata;6 tahun lalu;1;Tempat yg sejuk, tenang dan menakjubkan;;;;;;;;;;;;;;;;;;;;;;;;;;;;;;;;;;;;;;;;;;;;;;;;;;;;;;;;;;;;;;;;;;;;;;;;;
Syamsul Rh;5 tahun lalu;5;Gunung demponya bagus.Apa lagi di tugu rimau pokoknya gak nyesel kalau tidak pergi kesana;;;;;;;;;;;;;;;;;;;;;;;;;;;;;;;;;;;;;;;;;;;;;;;;;;;;;;;;;;;;;;;;;;;;;;;;;
hendra sanjaya;5 tahun lalu;5;Tanjakan dan tikungan mesrah;;;;;;;;;;;;;;;;;;;;;;;;;;;;;;;;;;;;;;;;;;;;;;;;;;;;;;;;;;;;;;;;;;;;;;;;;
Marta Pagaralam;6 tahun lalu;5;PagarAlam kota kecil sejuta cerita;;;;;;;;;;;;;;;;;;;;;;;;;;;;;;;;;;;;;;;;;;;;;;;;;;;;;;;;;;;;;;;;;;;;;;;;;
Rezky A;2 tahun lalu;5;Kapok,, pegel badan betisğŸ¤£;;;;;;;;;;;;;;;;;;;;;;;;;;;;;;;;;;;;;;;;;;;;;;;;;;;;;;;;;;;;;;;;;;;;;;;;;
Nepi Malini;2 tahun lalu;5;Tempat ini bagus ya di tambah lagi dengan Istri;;;;;;;;;;;;;;;;;;;;;;;;;;;;;;;;;;;;;;;;;;;;;;;;;;;;;;;;;;;;;;;;;;;;;;;;;
azza putra;4 tahun lalu;5;sangat memukau. ayo para penggiat alam jng kotori dempo;;;;;;;;;;;;;;;;;;;;;;;;;;;;;;;;;;;;;;;;;;;;;;;;;;;;;;;;;;;;;;;;;;;;;;;;;
Septian Triputra;5 tahun lalu;5;Kepingin sekali mendaki sampai ke puncaknya;;;;;;;;;;;;;;;;;;;;;;;;;;;;;;;;;;;;;;;;;;;;;;;;;;;;;;;;;;;;;;;;;;;;;;;;;
Novita Dirhta;4 tahun lalu;5;Sejuk. ğŸƒ;;;;;;;;;;;;;;;;;;;;;;;;;;;;;;;;;;;;;;;;;;;;;;;;;;;;;;;;;;;;;;;;;;;;;;;;;
initial_de 85;4 tahun lalu;5;Sejuk dan damai;;;;;;;;;;;;;;;;;;;;;;;;;;;;;;;;;;;;;;;;;;;;;;;;;;;;;;;;;;;;;;;;;;;;;;;;;
Fikri Asrolan;2 tahun lalu;4;Pecinye ujan lemak gi ape;;;;;;;;;;;;;;;;;;;;;;;;;;;;;;;;;;;;;;;;;;;;;;;;;;;;;;;;;;;;;;;;;;;;;;;;;
Reynaldo Alfino;4 tahun lalu;5;Tempat melihat pemandangan yang sangat indah;;;;;;;;;;;;;;;;;;;;;;;;;;;;;;;;;;;;;;;;;;;;;;;;;;;;;;;;;;;;;;;;;;;;;;;;;
Yudi Oktaveri;8 bulan lalu;5;Untung msh ada ini;;;;;;;;;;;;;;;;;;;;;;;;;;;;;;;;;;;;;;;;;;;;;;;;;;;;;;;;;;;;;;;;;;;;;;;;;
emon 21;4 tahun lalu;5;trek nya mnantang mntep dehh gk nyesel;;;;;;;;;;;;;;;;;;;;;;;;;;;;;;;;;;;;;;;;;;;;;;;;;;;;;;;;;;;;;;;;;;;;;;;;;
Roy danuarta;3 tahun lalu;5;Di gunung dempo ada air nya;;;;;;;;;;;;;;;;;;;;;;;;;;;;;;;;;;;;;;;;;;;;;;;;;;;;;;;;;;;;;;;;;;;;;;;;;
Rony Baron;5 tahun lalu;5;Lokasi yg bagus untung camping ground;;;;;;;;;;;;;;;;;;;;;;;;;;;;;;;;;;;;;;;;;;;;;;;;;;;;;;;;;;;;;;;;;;;;;;;;;
muhammad yamin;4 tahun lalu;5;Tempat kebanggaan para pencinta alam. Lestari;;;;;;;;;;;;;;;;;;;;;;;;;;;;;;;;;;;;;;;;;;;;;;;;;;;;;;;;;;;;;;;;;;;;;;;;;
Angga Iksan;5 tahun lalu;5;Pemandangan kebun teh nya sangan indah;;;;;;;;;;;;;;;;;;;;;;;;;;;;;;;;;;;;;;;;;;;;;;;;;;;;;;;;;;;;;;;;;;;;;;;;;
Anne Valentine;5 tahun lalu;5;Seru karena bisa naik ATP dan ada delman ğŸ˜™ğŸ˜™;;;;;;;;;;;;;;;;;;;;;;;;;;;;;;;;;;;;;;;;;;;;;;;;;;;;;;;;;;;;;;;;;;;;;;;;;
Romy Dwi;3 tahun lalu;5;Inti nya kalau sudah turun pingin kembali lagi;;;;;;;;;;;;;;;;;;;;;;;;;;;;;;;;;;;;;;;;;;;;;;;;;;;;;;;;;;;;;;;;;;;;;;;;;
Arya Chandra;5 tahun lalu;5;Gunung Dempo yg exotic;;;;;;;;;;;;;;;;;;;;;;;;;;;;;;;;;;;;;;;;;;;;;;;;;;;;;;;;;;;;;;;;;;;;;;;;;
Heriyanto Heri;4 tahun lalu;5;Kuliah Lapangan pertama bioers 2014 FMIPA Unsri;;;;;;;;;;;;;;;;;;;;;;;;;;;;;;;;;;;;;;;;;;;;;;;;;;;;;;;;;;;;;;;;;;;;;;;;;
ayu amalia;4 tahun lalu;5;Sejuk,enak buat refreshing your mind;;;;;;;;;;;;;;;;;;;;;;;;;;;;;;;;;;;;;;;;;;;;;;;;;;;;;;;;;;;;;;;;;;;;;;;;;
Angga Yudha;4 tahun lalu;3;Karna udara yg segar dan pemandangan yg indah;;;;;;;;;;;;;;;;;;;;;;;;;;;;;;;;;;;;;;;;;;;;;;;;;;;;;;;;;;;;;;;;;;;;;;;;;
Soni Sonata;4 tahun lalu;5;Sangat indah dengan hamparan kebun teh;;;;;;;;;;;;;;;;;;;;;;;;;;;;;;;;;;;;;;;;;;;;;;;;;;;;;;;;;;;;;;;;;;;;;;;;;
INDRA ASAND;5 tahun lalu;5;Sunggu indah untuk dipandang sungguh cantik untuk dilihat......;;;;;;;;;;;;;;;;;;;;;;;;;;;;;;;;;;;;;;;;;;;;;;;;;;;;;;;;;;;;;;;;;;;;;;;;;
AW Vlog;5 tahun lalu;5;Tempat berwisata yang indah untk rafting;;;;;;;;;;;;;;;;;;;;;;;;;;;;;;;;;;;;;;;;;;;;;;;;;;;;;;;;;;;;;;;;;;;;;;;;;
Panji Prabowo;4 tahun lalu;5;Bagus untuk yg suka mendaki;;;;;;;;;;;;;;;;;;;;;;;;;;;;;;;;;;;;;;;;;;;;;;;;;;;;;;;;;;;;;;;;;;;;;;;;;
wawan kusharyanto;4 tahun lalu;5;Sala satu ciptaan Allah Swt yang paling Indah;;;;;;;;;;;;;;;;;;;;;;;;;;;;;;;;;;;;;;;;;;;;;;;;;;;;;;;;;;;;;;;;;;;;;;;;;
Muamalah Chick;3 tahun lalu;5;Haha belum kesampean pengen ndaki Dempo â›°ï¸;;;;;;;;;;;;;;;;;;;;;;;;;;;;;;;;;;;;;;;;;;;;;;;;;;;;;;;;;;;;;;;;;;;;;;;;;
kucing terbang;2 tahun lalu;5;Pengen Muncak lgi wkwk;;;;;;;;;;;;;;;;;;;;;;;;;;;;;;;;;;;;;;;;;;;;;;;;;;;;;;;;;;;;;;;;;;;;;;;;;
Winata Suryadi;4 tahun lalu;3;Luar biasa;;;;;;;;;;;;;;;;;;;;;;;;;;;;;;;;;;;;;;;;;;;;;;;;;;;;;;;;;;;;;;;;;;;;;;;;;
sikam niku;3 tahun lalu;5;Menggapai puncak sanganlah mengasikan;;;;;;;;;;;;;;;;;;;;;;;;;;;;;;;;;;;;;;;;;;;;;;;;;;;;;;;;;;;;;;;;;;;;;;;;;
Lutfhi Bbm;6 tahun lalu;5;Lutfhi hajhim mana. Jakarta gawe ulin makan;;;;;;;;;;;;;;;;;;;;;;;;;;;;;;;;;;;;;;;;;;;;;;;;;;;;;;;;;;;;;;;;;;;;;;;;;
Sar Iono;6 tahun lalu;3;Dapat dikujungi utuk wisatanya.;;;;;;;;;;;;;;;;;;;;;;;;;;;;;;;;;;;;;;;;;;;;;;;;;;;;;;;;;;;;;;;;;;;;;;;;;
qiyan al;4 tahun lalu;5;Senangnya menghirup udarah yang sejuk;;;;;;;;;;;;;;;;;;;;;;;;;;;;;;;;;;;;;;;;;;;;;;;;;;;;;;;;;;;;;;;;;;;;;;;;;
dian apriyati;2 tahun lalu;5;Mantap,  seruuu;;;;;;;;;;;;;;;;;;;;;;;;;;;;;;;;;;;;;;;;;;;;;;;;;;;;;;;;;;;;;;;;;;;;;;;;;
nurpikalia vika;4 tahun lalu;5;Indah banget ni gunung dempo alami;;;;;;;;;;;;;;;;;;;;;;;;;;;;;;;;;;;;;;;;;;;;;;;;;;;;;;;;;;;;;;;;;;;;;;;;;
HESEL FAJRI;2 tahun lalu;5;Sangat bagus;;;;;;;;;;;;;;;;;;;;;;;;;;;;;;;;;;;;;;;;;;;;;;;;;;;;;;;;;;;;;;;;;;;;;;;;;
Kadri Putra;4 tahun lalu;5;Tempat liburan paling asik di sumsel;;;;;;;;;;;;;;;;;;;;;;;;;;;;;;;;;;;;;;;;;;;;;;;;;;;;;;;;;;;;;;;;;;;;;;;;;
AGUS FEBRIYANTO;2 tahun lalu;5;Amazinggh broo;;;;;;;;;;;;;;;;;;;;;;;;;;;;;;;;;;;;;;;;;;;;;;;;;;;;;;;;;;;;;;;;;;;;;;;;;
Amarta 25;6 tahun lalu;5;Mantab abis keindahannya;;;;;;;;;;;;;;;;;;;;;;;;;;;;;;;;;;;;;;;;;;;;;;;;;;;;;;;;;;;;;;;;;;;;;;;;;
Bella Permatasari;5 tahun lalu;5;Bagus,bersih rapi dan cantik sejuk;;;;;;;;;;;;;;;;;;;;;;;;;;;;;;;;;;;;;;;;;;;;;;;;;;;;;;;;;;;;;;;;;;;;;;;;;
Nyta Gumiar;4 tahun lalu;5;Asri tempat yg indah bebas polosi;;;;;;;;;;;;;;;;;;;;;;;;;;;;;;;;;;;;;;;;;;;;;;;;;;;;;;;;;;;;;;;;;;;;;;;;;
Budi St;5 tahun lalu;5;Keindahan  alam Pagaralam;;;;;;;;;;;;;;;;;;;;;;;;;;;;;;;;;;;;;;;;;;;;;;;;;;;;;;;;;;;;;;;;;;;;;;;;;
Dodi Ariansyah;3 tahun lalu;5;Petani;;;;;;;;;;;;;;;;;;;;;;;;;;;;;;;;;;;;;;;;;;;;;;;;;;;;;;;;;;;;;;;;;;;;;;;;;
Kawi Boedisetio;5 tahun lalu;4;Gunung Dempo, Gunungnya Pagaralam... :-);;;;;;;;;;;;;;;;;;;;;;;;;;;;;;;;;;;;;;;;;;;;;;;;;;;;;;;;;;;;;;;;;;;;;;;;;
Afifah Fhatiya;2 tahun lalu;5;Bibik mu ad sano;;;;;;;;;;;;;;;;;;;;;;;;;;;;;;;;;;;;;;;;;;;;;;;;;;;;;;;;;;;;;;;;;;;;;;;;;
Weldi Gagaltenar;3 tahun lalu;5;Mantp kli;;;;;;;;;;;;;;;;;;;;;;;;;;;;;;;;;;;;;;;;;;;;;;;;;;;;;;;;;;;;;;;;;;;;;;;;;
ari hebert;2 tahun lalu;5;View yg cakep nian;;;;;;;;;;;;;;;;;;;;;;;;;;;;;;;;;;;;;;;;;;;;;;;;;;;;;;;;;;;;;;;;;;;;;;;;;
Partoyo muklas;4 tahun lalu;5;Daerah kebun teh,sejuk..;;;;;;;;;;;;;;;;;;;;;;;;;;;;;;;;;;;;;;;;;;;;;;;;;;;;;;;;;;;;;;;;;;;;;;;;;
Herian Herian;3 tahun lalu;5;Wisata alam murni gunung dempo;;;;;;;;;;;;;;;;;;;;;;;;;;;;;;;;;;;;;;;;;;;;;;;;;;;;;;;;;;;;;;;;;;;;;;;;;
Eddy Budiman;5 tahun lalu;5;Air terjun lematang &amp;;;;;;;;;;;;;;;;;;;;;;;;;;;;;;;;;;;;;;;;;;;;;;;;;;;;;;;;;;;;;;;;;;;;;;;;;
cintaka zhizayangi;3 tahun lalu;5;Gunung yang sangat indah;;;;;;;;;;;;;;;;;;;;;;;;;;;;;;;;;;;;;;;;;;;;;;;;;;;;;;;;;;;;;;;;;;;;;;;;;
IL ham;4 tahun lalu;4;Kawah nya mantap untuk mandi;;;;;;;;;;;;;;;;;;;;;;;;;;;;;;;;;;;;;;;;;;;;;;;;;;;;;;;;;;;;;;;;;;;;;;;;;
Deby Noviyanti;5 tahun lalu;5;Tempat wisata yang bagus ğŸ‘;;;;;;;;;;;;;;;;;;;;;;;;;;;;;;;;;;;;;;;;;;;;;;;;;;;;;;;;;;;;;;;;;;;;;;;;;
Jaw Aqeani;5 tahun lalu;5;track n view yg fantastis;;;;;;;;;;;;;;;;;;;;;;;;;;;;;;;;;;;;;;;;;;;;;;;;;;;;;;;;;;;;;;;;;;;;;;;;;
Tio Amoe;4 tahun lalu;5;Pemandangan di atas gunung dempo;;;;;;;;;;;;;;;;;;;;;;;;;;;;;;;;;;;;;;;;;;;;;;;;;;;;;;;;;;;;;;;;;;;;;;;;;
Rudy Sulaksana;5 tahun lalu;5;Seger udaranya, enak kopinya;;;;;;;;;;;;;;;;;;;;;;;;;;;;;;;;;;;;;;;;;;;;;;;;;;;;;;;;;;;;;;;;;;;;;;;;;
Verja Qholan;4 tahun lalu;5;Bumi Besemah top, Salam jeme kite;;;;;;;;;;;;;;;;;;;;;;;;;;;;;;;;;;;;;;;;;;;;;;;;;;;;;;;;;;;;;;;;;;;;;;;;;
rama virgo;3 tahun lalu;5;Begitu dingin dimalam hari;;;;;;;;;;;;;;;;;;;;;;;;;;;;;;;;;;;;;;;;;;;;;;;;;;;;;;;;;;;;;;;;;;;;;;;;;
Dalu aditya;4 tahun lalu;5;Pemandangan yang indah dan mempesona;;;;;;;;;;;;;;;;;;;;;;;;;;;;;;;;;;;;;;;;;;;;;;;;;;;;;;;;;;;;;;;;;;;;;;;;;
Ahmad Zulfajri;4 tahun lalu;5;Tanah kelahiranku @pagaralambeautyofsouthsumatera;;;;;;;;;;;;;;;;;;;;;;;;;;;;;;;;;;;;;;;;;;;;;;;;;;;;;;;;;;;;;;;;;;;;;;;;;
Indra Saputra;2 tahun lalu;5;Sangat keren;;;;;;;;;;;;;;;;;;;;;;;;;;;;;;;;;;;;;;;;;;;;;;;;;;;;;;;;;;;;;;;;;;;;;;;;;
Awal Akhir;5 tahun lalu;5;Surga ini benar benar ada;;;;;;;;;;;;;;;;;;;;;;;;;;;;;;;;;;;;;;;;;;;;;;;;;;;;;;;;;;;;;;;;;;;;;;;;;
sahabat alam;5 tahun lalu;4;Begitu indah alam d sanah;;;;;;;;;;;;;;;;;;;;;;;;;;;;;;;;;;;;;;;;;;;;;;;;;;;;;;;;;;;;;;;;;;;;;;;;;
mascik kholijah;3 tahun lalu;5;Tapi banyak harimau ngamuk;;;;;;;;;;;;;;;;;;;;;;;;;;;;;;;;;;;;;;;;;;;;;;;;;;;;;;;;;;;;;;;;;;;;;;;;;
Jhonypratama Jhon;4 tahun lalu;5;Kota indah dn sejuk..;;;;;;;;;;;;;;;;;;;;;;;;;;;;;;;;;;;;;;;;;;;;;;;;;;;;;;;;;;;;;;;;;;;;;;;;;
Jai lani;2 tahun lalu;5;Baik;;;;;;;;;;;;;;;;;;;;;;;;;;;;;;;;;;;;;;;;;;;;;;;;;;;;;;;;;;;;;;;;;;;;;;;;;
Alex Saputra;3 tahun lalu;5;Tempat nya sangakt indah;;;;;;;;;;;;;;;;;;;;;;;;;;;;;;;;;;;;;;;;;;;;;;;;;;;;;;;;;;;;;;;;;;;;;;;;;
Arian Aw;2 tahun lalu;5;Keren;;;;;;;;;;;;;;;;;;;;;;;;;;;;;;;;;;;;;;;;;;;;;;;;;;;;;;;;;;;;;;;;;;;;;;;;;
Azzahra Salsabila;4 tahun lalu;5;Aku suka;;;;;;;;;;;;;;;;;;;;;;;;;;;;;;;;;;;;;;;;;;;;;;;;;;;;;;;;;;;;;;;;;;;;;;;;;
Alexi Akram;4 tahun lalu;5;Sejuk sekaliiiii;;;;;;;;;;;;;;;;;;;;;;;;;;;;;;;;;;;;;;;;;;;;;;;;;;;;;;;;;;;;;;;;;;;;;;;;;
dafetri haryantoni;9 bulan lalu;5;MasyaaAllah;;;;;;;;;;;;;;;;;;;;;;;;;;;;;;;;;;;;;;;;;;;;;;;;;;;;;;;;;;;;;;;;;;;;;;;;;
Kristin Marlina;2 tahun lalu;5;Indah banget Dempo;;;;;;;;;;;;;;;;;;;;;;;;;;;;;;;;;;;;;;;;;;;;;;;;;;;;;;;;;;;;;;;;;;;;;;;;;
tirta asri;2 tahun lalu;5;Mantap broooooo;;;;;;;;;;;;;;;;;;;;;;;;;;;;;;;;;;;;;;;;;;;;;;;;;;;;;;;;;;;;;;;;;;;;;;;;;
Nopri Ansyah;4 tahun lalu;5;Desa gua cok :v;;;;;;;;;;;;;;;;;;;;;;;;;;;;;;;;;;;;;;;;;;;;;;;;;;;;;;;;;;;;;;;;;;;;;;;;;
Indra Setiawan;2 tahun lalu;5;Indah;;;;;;;;;;;;;;;;;;;;;;;;;;;;;;;;;;;;;;;;;;;;;;;;;;;;;;;;;;;;;;;;;;;;;;;;;
Shopian Sauri;7 tahun lalu;5;Gunung pertama aku daki;;;;;;;;;;;;;;;;;;;;;;;;;;;;;;;;;;;;;;;;;;;;;;;;;;;;;;;;;;;;;;;;;;;;;;;;;
muhammad prawira;5 tahun lalu;5;Awasome g. Dempo;;;;;;;;;;;;;;;;;;;;;;;;;;;;;;;;;;;;;;;;;;;;;;;;;;;;;;;;;;;;;;;;;;;;;;;;;
Dhidin Marta;5 tahun lalu;5;Bagus tempatnya;;;;;;;;;;;;;;;;;;;;;;;;;;;;;;;;;;;;;;;;;;;;;;;;;;;;;;;;;;;;;;;;;;;;;;;;;
John Ley;2 tahun lalu;5;Mantullll;;;;;;;;;;;;;;;;;;;;;;;;;;;;;;;;;;;;;;;;;;;;;;;;;;;;;;;;;;;;;;;;;;;;;;;;;
Resita Wulandari;2 tahun lalu;5;Sejuk;;;;;;;;;;;;;;;;;;;;;;;;;;;;;;;;;;;;;;;;;;;;;;;;;;;;;;;;;;;;;;;;;;;;;;;;;
Lamusir PinBel;5 tahun lalu;5;Tamasya bersama keluarga;;;;;;;;;;;;;;;;;;;;;;;;;;;;;;;;;;;;;;;;;;;;;;;;;;;;;;;;;;;;;;;;;;;;;;;;;
Kusminto pati;4 tahun lalu;5;Cocok untuk liburan;;;;;;;;;;;;;;;;;;;;;;;;;;;;;;;;;;;;;;;;;;;;;;;;;;;;;;;;;;;;;;;;;;;;;;;;;
MS Wijaya;2 tahun lalu;5;Mantap betul;;;;;;;;;;;;;;;;;;;;;;;;;;;;;;;;;;;;;;;;;;;;;;;;;;;;;;;;;;;;;;;;;;;;;;;;;
Mardiansyah Usman;5 tahun lalu;5;Enjoy at Pagaralam;;;;;;;;;;;;;;;;;;;;;;;;;;;;;;;;;;;;;;;;;;;;;;;;;;;;;;;;;;;;;;;;;;;;;;;;;
Panji Maulana;5 tahun lalu;5;bakalan kesini... Cooming soon;;;;;;;;;;;;;;;;;;;;;;;;;;;;;;;;;;;;;;;;;;;;;;;;;;;;;;;;;;;;;;;;;;;;;;;;;
aved kucing;3 tahun lalu;5;ğŸŒ³;;;;;;;;;;;;;;;;;;;;;;;;;;;;;;;;;;;;;;;;;;;;;;;;;;;;;;;;;;;;;;;;;;;;;;;;;
Nopriansyah Nopri;2 tahun lalu;5;Sangat indah;;;;;;;;;;;;;;;;;;;;;;;;;;;;;;;;;;;;;;;;;;;;;;;;;;;;;;;;;;;;;;;;;;;;;;;;;
Arya Pradana;4 tahun lalu;5;Pengen kesini;;;;;;;;;;;;;;;;;;;;;;;;;;;;;;;;;;;;;;;;;;;;;;;;;;;;;;;;;;;;;;;;;;;;;;;;;
Jumari Anwar;2 tahun lalu;3;Ekstrim gaes;;;;;;;;;;;;;;;;;;;;;;;;;;;;;;;;;;;;;;;;;;;;;;;;;;;;;;;;;;;;;;;;;;;;;;;;;
Ardy Stania;2 tahun lalu;5;belom pernah kesini;;;;;;;;;;;;;;;;;;;;;;;;;;;;;;;;;;;;;;;;;;;;;;;;;;;;;;;;;;;;;;;;;;;;;;;;;
Ipan Maulana;4 tahun lalu;5;Wisata alam Sumatera Selatan;;;;;;;;;;;;;;;;;;;;;;;;;;;;;;;;;;;;;;;;;;;;;;;;;;;;;;;;;;;;;;;;;;;;;;;;;
Xoxo Nmax;2 tahun lalu;5;Dinginn kalii;;;;;;;;;;;;;;;;;;;;;;;;;;;;;;;;;;;;;;;;;;;;;;;;;;;;;;;;;;;;;;;;;;;;;;;;;
Asef Syaifuddin;5 tahun lalu;5;Wow ğŸ˜ğŸ˜ğŸ˜˜;;;;;;;;;;;;;;;;;;;;;;;;;;;;;;;;;;;;;;;;;;;;;;;;;;;;;;;;;;;;;;;;;;;;;;;;;
Ediy Andespeng;4 tahun lalu;5;Bagus , bersih dan nyaman ,;;;;;;;;;;;;;;;;;;;;;;;;;;;;;;;;;;;;;;;;;;;;;;;;;;;;;;;;;;;;;;;;;;;;;;;;;
RIKSY PICTURES;5 tahun lalu;5;kangen terus ke pagaralam;;;;;;;;;;;;;;;;;;;;;;;;;;;;;;;;;;;;;;;;;;;;;;;;;;;;;;;;;;;;;;;;;;;;;;;;;
Rizka Tera;5 tahun lalu;4;Suka ini;;;;;;;;;;;;;;;;;;;;;;;;;;;;;;;;;;;;;;;;;;;;;;;;;;;;;;;;;;;;;;;;;;;;;;;;;
Jhoko Pangestu;4 tahun lalu;5;Tempat nya indah;;;;;;;;;;;;;;;;;;;;;;;;;;;;;;;;;;;;;;;;;;;;;;;;;;;;;;;;;;;;;;;;;;;;;;;;;
Hendrick Siregar;5 tahun lalu;3;Kangenn..;;;;;;;;;;;;;;;;;;;;;;;;;;;;;;;;;;;;;;;;;;;;;;;;;;;;;;;;;;;;;;;;;;;;;;;;;
Djamal ST;6 tahun lalu;5;Pengen kesini lagi;;;;;;;;;;;;;;;;;;;;;;;;;;;;;;;;;;;;;;;;;;;;;;;;;;;;;;;;;;;;;;;;;;;;;;;;;
Andra The;5 tahun lalu;3;Sangat bagusss;;;;;;;;;;;;;;;;;;;;;;;;;;;;;;;;;;;;;;;;;;;;;;;;;;;;;;;;;;;;;;;;;;;;;;;;;
Dedi Yusup;6 tahun lalu;5;Bagus bngt;;;;;;;;;;;;;;;;;;;;;;;;;;;;;;;;;;;;;;;;;;;;;;;;;;;;;;;;;;;;;;;;;;;;;;;;;
Sonny7 Haryanto;2 tahun lalu;5;Keren;;;;;;;;;;;;;;;;;;;;;;;;;;;;;;;;;;;;;;;;;;;;;;;;;;;;;;;;;;;;;;;;;;;;;;;;;
Farudin72 Ok;6 tahun lalu;5;Ini adalah kota ku;;;;;;;;;;;;;;;;;;;;;;;;;;;;;;;;;;;;;;;;;;;;;;;;;;;;;;;;;;;;;;;;;;;;;;;;;
Andre Hermawan;2 tahun lalu;3;indah banget;;;;;;;;;;;;;;;;;;;;;;;;;;;;;;;;;;;;;;;;;;;;;;;;;;;;;;;;;;;;;;;;;;;;;;;;;
Janika Rahmat;3 tahun lalu;5;Keren;;;;;;;;;;;;;;;;;;;;;;;;;;;;;;;;;;;;;;;;;;;;;;;;;;;;;;;;;;;;;;;;;;;;;;;;;
Anime Ku;5 tahun lalu;5;Keren banget;;;;;;;;;;;;;;;;;;;;;;;;;;;;;;;;;;;;;;;;;;;;;;;;;;;;;;;;;;;;;;;;;;;;;;;;;
David Ralah;3 tahun lalu;5;Takjub;;;;;;;;;;;;;;;;;;;;;;;;;;;;;;;;;;;;;;;;;;;;;;;;;;;;;;;;;;;;;;;;;;;;;;;;;
hendri Wantoha;4 tahun lalu;5;Mantep;;;;;;;;;;;;;;;;;;;;;;;;;;;;;;;;;;;;;;;;;;;;;;;;;;;;;;;;;;;;;;;;;;;;;;;;;
Komsiyati Wati;4 tahun lalu;3;Asyik;;;;;;;;;;;;;;;;;;;;;;;;;;;;;;;;;;;;;;;;;;;;;;;;;;;;;;;;;;;;;;;;;;;;;;;;;
Cinta Muktar;3 tahun lalu;5;Indah;;;;;;;;;;;;;;;;;;;;;;;;;;;;;;;;;;;;;;;;;;;;;;;;;;;;;;;;;;;;;;;;;;;;;;;;;
syaiful muslimin;4 tahun lalu;3;Hijau;;;;;;;;;;;;;;;;;;;;;;;;;;;;;;;;;;;;;;;;;;;;;;;;;;;;;;;;;;;;;;;;;;;;;;;;;
Octaria Dian;5 tahun lalu;4;Sejuk;;;;;;;;;;;;;;;;;;;;;;;;;;;;;;;;;;;;;;;;;;;;;;;;;;;;;;;;;;;;;;;;;;;;;;;;;
Dany Setiyawan;5 tahun lalu;5;Mantap;;;;;;;;;;;;;;;;;;;;;;;;;;;;;;;;;;;;;;;;;;;;;;;;;;;;;;;;;;;;;;;;;;;;;;;;;
Prengki Pransiska;5 tahun lalu;5;Tanah kelahiranku;;;;;;;;;;;;;;;;;;;;;;;;;;;;;;;;;;;;;;;;;;;;;;;;;;;;;;;;;;;;;;;;;;;;;;;;;
Bian Ganteng;5 tahun lalu;5;Enak;;;;;;;;;;;;;;;;;;;;;;;;;;;;;;;;;;;;;;;;;;;;;;;;;;;;;;;;;;;;;;;;;;;;;;;;;
Catur Adiwardana;5 tahun lalu;5;Tempat yang indah;;;;;;;;;;;;;;;;;;;;;;;;;;;;;;;;;;;;;;;;;;;;;;;;;;;;;;;;;;;;;;;;;;;;;;;;;
DIKZ GAMING;3 tahun lalu;5;Sip;;;;;;;;;;;;;;;;;;;;;;;;;;;;;;;;;;;;;;;;;;;;;;;;;;;;;;;;;;;;;;;;;;;;;;;;;
Mamet Vega;4 tahun lalu;5;Emejiiinnnnngggggggg;;;;;;;;;;;;;;;;;;;;;;;;;;;;;;;;;;;;;;;;;;;;;;;;;;;;;;;;;;;;;;;;;;;;;;;;;
Penghuni Uni;6 tahun lalu;3;Keren...;;;;;;;;;;;;;;;;;;;;;;;;;;;;;;;;;;;;;;;;;;;;;;;;;;;;;;;;;;;;;;;;;;;;;;;;;
Fitra Jaya;5 tahun lalu;5;Gunung dempo;;;;;;;;;;;;;;;;;;;;;;;;;;;;;;;;;;;;;;;;;;;;;;;;;;;;;;;;;;;;;;;;;;;;;;;;;
Febrian Jamil;3 tahun lalu;5;Sip;;;;;;;;;;;;;;;;;;;;;;;;;;;;;;;;;;;;;;;;;;;;;;;;;;;;;;;;;;;;;;;;;;;;;;;;;
fidi official;5 tahun lalu;5;Keren;;;;;;;;;;;;;;;;;;;;;;;;;;;;;;;;;;;;;;;;;;;;;;;;;;;;;;;;;;;;;;;;;;;;;;;;;
Arfan Efendi;5 tahun lalu;5;Keren;;;;;;;;;;;;;;;;;;;;;;;;;;;;;;;;;;;;;;;;;;;;;;;;;;;;;;;;;;;;;;;;;;;;;;;;;
Eddy Gorrie;3 tahun lalu;5;(Diterjemahkan oleh Google) Dari kunjungan pertama saja. Sampai sekarang dengan istrinya. Kota Pagaralam dengan Gunung Dempo, selalu memiliki tempat tersendiri di hati kita.;;;;;;;;;;;;;;;;;;;;;;;;;;;;;;;;;;;;;;;;;;;;;;;;;;;;;;;;;;;;;;;;;;;;;;;;;
Yatie Winx;5 tahun lalu;5;(Diterjemahkan oleh Google) baru saja kembali dari mendaki Gunung Dempo (3159 MDPL) di Sumatera Selatan. Ini adalah pengalaman pertama saya mendaki gunung di Indonesia. Treknya cukup sulit.;;;;;;;;;;;;;;;;;;;;;;;;;;;;;;;;;;;;;;;;;;;;;;;;;;;;;;;;;;;;;;;;;;;;;;;;;
Febrian FAP05;6 bulan lalu;5;(Diterjemahkan oleh Google) tempat yang tepat untuk penyembuhan dan suasananya sangat sejuk;;;;;;;;;;;;;;;;;;;;;;;;;;;;;;;;;;;;;;;;;;;;;;;;;;;;;;;;;;;;;;;;;;;;;;;;;
Ghalli Ramadhan;6 tahun lalu;5;(Diterjemahkan oleh Google) Keindahan alam merupakan sumber ketenangan dan kesejukan jiwa;;;;;;;;;;;;;;;;;;;;;;;;;;;;;;;;;;;;;;;;;;;;;;;;;;;;;;;;;;;;;;;;;;;;;;;;;
Pras set;5 tahun lalu;5;(Diterjemahkan oleh Google) perjuangan keras, manjur untuk sampai ke puncak dengan selalu berdoa berjamaah dan merenungi alam.. lokasi kebun teh membuat perjalanan semakin menyenangkan;;;;;;;;;;;;;;;;;;;;;;;;;;;;;;;;;;;;;;;;;;;;;;;;;;;;;;;;;;;;;;;;;;;;;;;;;
Inna Hudaya;5 tahun lalu;5;(Diterjemahkan oleh Google) Berada di alam dengan tanaman hijau yang menghangatkan hati Anda;;;;;;;;;;;;;;;;;;;;;;;;;;;;;;;;;;;;;;;;;;;;;;;;;;;;;;;;;;;;;;;;;;;;;;;;;
Resident Budi;6 bulan lalu;5;(Diterjemahkan oleh Google) Sialan Dingin Di Sini. Tapi Masih Layak;;;;;;;;;;;;;;;;;;;;;;;;;;;;;;;;;;;;;;;;;;;;;;;;;;;;;;;;;;;;;;;;;;;;;;;;;
Afid Hidayat;5 tahun lalu;5;(Diterjemahkan oleh Google) Kalau dari kota Lampung, kira-kira wahana apa yang paling bagus?;;;;;;;;;;;;;;;;;;;;;;;;;;;;;;;;;;;;;;;;;;;;;;;;;;;;;;;;;;;;;;;;;;;;;;;;;
Puja Setyawan;6 tahun lalu;5;(Diterjemahkan oleh Google) Banyak kenangan dari tempat cantik ini!;;;;;;;;;;;;;;;;;;;;;;;;;;;;;;;;;;;;;;;;;;;;;;;;;;;;;;;;;;;;;;;;;;;;;;;;;
Ayunda Yunda;2 tahun lalu;5;(Diterjemahkan oleh Google) Meski mendung, pemandangannya tetap joss;;;;;;;;;;;;;;;;;;;;;;;;;;;;;;;;;;;;;;;;;;;;;;;;;;;;;;;;;;;;;;;;;;;;;;;;;
Iva _60;8 bulan lalu;5;;;;;;;;;;;;;;;;;;;;;;;;;;;;;;;;;;;;;;;;;;;;;;;;;;;;;;;;;;;;;;;;;;;;;;;;;;
Irfan Fikri;4 tahun lalu;5;(Diterjemahkan oleh Google) Tempat yang bagus dan keren;;;;;;;;;;;;;;;;;;;;;;;;;;;;;;;;;;;;;;;;;;;;;;;;;;;;;;;;;;;;;;;;;;;;;;;;;
Yana Speed;2 tahun lalu;3;Di lobok;;;;;;;;;;;;;;;;;;;;;;;;;;;;;;;;;;;;;;;;;;;;;;;;;;;;;;;;;;;;;;;;;;;;;;;;;
Muji Burrahman;2 tahun lalu;5;(Diterjemahkan oleh Google) tempat yang keren;;;;;;;;;;;;;;;;;;;;;;;;;;;;;;;;;;;;;;;;;;;;;;;;;;;;;;;;;;;;;;;;;;;;;;;;;
Novita Sari;3 tahun lalu;5;;;;;;;;;;;;;;;;;;;;;;;;;;;;;;;;;;;;;;;;;;;;;;;;;;;;;;;;;;;;;;;;;;;;;;;;;;
Gilang Maulana;5 tahun lalu;4;(Diterjemahkan oleh Google) Panorama yang bagus, alam yang indah, tempat yang luar biasa;;;;;;;;;;;;;;;;;;;;;;;;;;;;;;;;;;;;;;;;;;;;;;;;;;;;;;;;;;;;;;;;;;;;;;;;;
Rum Ubus;4 tahun lalu;5;(Diterjemahkan oleh Google) sangat indah, seru cocok untuk bersantai;;;;;;;;;;;;;;;;;;;;;;;;;;;;;;;;;;;;;;;;;;;;;;;;;;;;;;;;;;;;;;;;;;;;;;;;;
Rian Saputra;5 tahun lalu;5;;;;;;;;;;;;;;;;;;;;;;;;;;;;;;;;;;;;;;;;;;;;;;;;;;;;;;;;;;;;;;;;;;;;;;;;;;
sujianto Anto;3 tahun lalu;5;(Diterjemahkan oleh Google) Cantik dan keren;;;;;;;;;;;;;;;;;;;;;;;;;;;;;;;;;;;;;;;;;;;;;;;;;;;;;;;;;;;;;;;;;;;;;;;;;
Kurcaci Swiss;2 tahun lalu;5;;;;;;;;;;;;;;;;;;;;;;;;;;;;;;;;;;;;;;;;;;;;;;;;;;;;;;;;;;;;;;;;;;;;;;;;;;
Sabit Huraira;6 tahun lalu;5;(Diterjemahkan oleh Google) pemandangan gunung yang bagus;;;;;;;;;;;;;;;;;;;;;;;;;;;;;;;;;;;;;;;;;;;;;;;;;;;;;;;;;;;;;;;;;;;;;;;;;
Kontol Bsr;5 tahun lalu;5;;;;;;;;;;;;;;;;;;;;;;;;;;;;;;;;;;;;;;;;;;;;;;;;;;;;;;;;;;;;;;;;;;;;;;;;;;
MH 17;3 tahun lalu;4;(Diterjemahkan oleh Google) Sangat keren;;;;;;;;;;;;;;;;;;;;;;;;;;;;;;;;;;;;;;;;;;;;;;;;;;;;;;;;;;;;;;;;;;;;;;;;;
Zoe Liii;2 tahun lalu;5;;;;;;;;;;;;;;;;;;;;;;;;;;;;;;;;;;;;;;;;;;;;;;;;;;;;;;;;;;;;;;;;;;;;;;;;;;
Bang Rex;7 bulan lalu;5;;;;;;;;;;;;;;;;;;;;;;;;;;;;;;;;;;;;;;;;;;;;;;;;;;;;;;;;;;;;;;;;;;;;;;;;;;
Emeilda Daniati;3 tahun lalu;5;(Diterjemahkan oleh Google) Dingin;;;;;;;;;;;;;;;;;;;;;;;;;;;;;;;;;;;;;;;;;;;;;;;;;;;;;;;;;;;;;;;;;;;;;;;;;
Prakas Ramadhani;2 tahun lalu;4;(Diterjemahkan oleh Google) Kisah dempo;;;;;;;;;;;;;;;;;;;;;;;;;;;;;;;;;;;;;;;;;;;;;;;;;;;;;;;;;;;;;;;;;;;;;;;;;
Si Bungsu;5 tahun lalu;5;Brautiful;;;;;;;;;;;;;;;;;;;;;;;;;;;;;;;;;;;;;;;;;;;;;;;;;;;;;;;;;;;;;;;;;;;;;;;;;
Samuli Smanju;3 tahun lalu;5;(Diterjemahkan oleh Google) Oke;;;;;;;;;;;;;;;;;;;;;;;;;;;;;;;;;;;;;;;;;;;;;;;;;;;;;;;;;;;;;;;;;;;;;;;;;
Palembang Adventure;4 tahun lalu;5;(Diterjemahkan oleh Google) Terbaik;;;;;;;;;;;;;;;;;;;;;;;;;;;;;;;;;;;;;;;;;;;;;;;;;;;;;;;;;;;;;;;;;;;;;;;;;
Dwi Andika;4 tahun lalu;5;(Diterjemahkan oleh Google) Menyukai;;;;;;;;;;;;;;;;;;;;;;;;;;;;;;;;;;;;;;;;;;;;;;;;;;;;;;;;;;;;;;;;;;;;;;;;;
Ferli Kholiq;6 tahun lalu;5;;;;;;;;;;;;;;;;;;;;;;;;;;;;;;;;;;;;;;;;;;;;;;;;;;;;;;;;;;;;;;;;;;;;;;;;;;
Muhammad Adryansyah;4 tahun lalu;5;(Diterjemahkan oleh Google) Allahu akbar;;;;;;;;;;;;;;;;;;;;;;;;;;;;;;;;;;;;;;;;;;;;;;;;;;;;;;;;;;;;;;;;;;;;;;;;;
Diantri Ariska;5 tahun lalu;5;;;;;;;;;;;;;;;;;;;;;;;;;;;;;;;;;;;;;;;;;;;;;;;;;;;;;;;;;;;;;;;;;;;;;;;;;;
Ian Khan;2 tahun lalu;5;;;;;;;;;;;;;;;;;;;;;;;;;;;;;;;;;;;;;;;;;;;;;;;;;;;;;;;;;;;;;;;;;;;;;;;;;;
Alex Ander;4 tahun lalu;5;;;;;;;;;;;;;;;;;;;;;;;;;;;;;;;;;;;;;;;;;;;;;;;;;;;;;;;;;;;;;;;;;;;;;;;;;;
angga arizki;3 tahun lalu;5;;;;;;;;;;;;;;;;;;;;;;;;;;;;;;;;;;;;;;;;;;;;;;;;;;;;;;;;;;;;;;;;;;;;;;;;;;
een fang;4 tahun lalu;4;;;;;;;;;;;;;;;;;;;;;;;;;;;;;;;;;;;;;;;;;;;;;;;;;;;;;;;;;;;;;;;;;;;;;;;;;;
Angga Andrian;4 tahun lalu;5;;;;;;;;;;;;;;;;;;;;;;;;;;;;;;;;;;;;;;;;;;;;;;;;;;;;;;;;;;;;;;;;;;;;;;;;;;
BRANYEN Win;4 tahun lalu;5;;;;;;;;;;;;;;;;;;;;;;;;;;;;;;;;;;;;;;;;;;;;;;;;;;;;;;;;;;;;;;;;;;;;;;;;;;
m fadly;2 tahun lalu;5;;;;;;;;;;;;;;;;;;;;;;;;;;;;;;;;;;;;;;;;;;;;;;;;;;;;;;;;;;;;;;;;;;;;;;;;;;
geri fernando;4 tahun lalu;5;;;;;;;;;;;;;;;;;;;;;;;;;;;;;;;;;;;;;;;;;;;;;;;;;;;;;;;;;;;;;;;;;;;;;;;;;;
Wawan Hermawan;3 tahun lalu;3;;;;;;;;;;;;;;;;;;;;;;;;;;;;;;;;;;;;;;;;;;;;;;;;;;;;;;;;;;;;;;;;;;;;;;;;;;
Faqih Ataullah;2 tahun lalu;5;;;;;;;;;;;;;;;;;;;;;;;;;;;;;;;;;;;;;;;;;;;;;;;;;;;;;;;;;;;;;;;;;;;;;;;;;;
Divi Bkl;6 tahun lalu;1;;;;;;;;;;;;;;;;;;;;;;;;;;;;;;;;;;;;;;;;;;;;;;;;;;;;;;;;;;;;;;;;;;;;;;;;;;
Lidya Yunita;5 tahun lalu;5;;;;;;;;;;;;;;;;;;;;;;;;;;;;;;;;;;;;;;;;;;;;;;;;;;;;;;;;;;;;;;;;;;;;;;;;;;
Muchlis Ferianto;2 tahun lalu;5;;;;;;;;;;;;;;;;;;;;;;;;;;;;;;;;;;;;;;;;;;;;;;;;;;;;;;;;;;;;;;;;;;;;;;;;;;
Rossi Suwar;6 tahun lalu;5;;;;;;;;;;;;;;;;;;;;;;;;;;;;;;;;;;;;;;;;;;;;;;;;;;;;;;;;;;;;;;;;;;;;;;;;;;
SalNa Adhriiansy;3 tahun lalu;5;;;;;;;;;;;;;;;;;;;;;;;;;;;;;;;;;;;;;;;;;;;;;;;;;;;;;;;;;;;;;;;;;;;;;;;;;;
Aji karya;6 tahun lalu;5;;;;;;;;;;;;;;;;;;;;;;;;;;;;;;;;;;;;;;;;;;;;;;;;;;;;;;;;;;;;;;;;;;;;;;;;;;
Olga Yessy;2 tahun lalu;5;;;;;;;;;;;;;;;;;;;;;;;;;;;;;;;;;;;;;;;;;;;;;;;;;;;;;;;;;;;;;;;;;;;;;;;;;;
Alek Sander;2 tahun lalu;5;;;;;;;;;;;;;;;;;;;;;;;;;;;;;;;;;;;;;;;;;;;;;;;;;;;;;;;;;;;;;;;;;;;;;;;;;;
Naura Carisa;2 tahun lalu;5;;;;;;;;;;;;;;;;;;;;;;;;;;;;;;;;;;;;;;;;;;;;;;;;;;;;;;;;;;;;;;;;;;;;;;;;;;
Jatulas Jp;4 tahun lalu;5;;;;;;;;;;;;;;;;;;;;;;;;;;;;;;;;;;;;;;;;;;;;;;;;;;;;;;;;;;;;;;;;;;;;;;;;;;
Neni Karlina;5 tahun lalu;2;;;;;;;;;;;;;;;;;;;;;;;;;;;;;;;;;;;;;;;;;;;;;;;;;;;;;;;;;;;;;;;;;;;;;;;;;;
Himahwahyuni Yuni;3 tahun lalu;5;;;;;;;;;;;;;;;;;;;;;;;;;;;;;;;;;;;;;;;;;;;;;;;;;;;;;;;;;;;;;;;;;;;;;;;;;;
Luffytaro Opbr;3 tahun lalu;1;;;;;;;;;;;;;;;;;;;;;;;;;;;;;;;;;;;;;;;;;;;;;;;;;;;;;;;;;;;;;;;;;;;;;;;;;;
Ferli Ansya;5 tahun lalu;5;;;;;;;;;;;;;;;;;;;;;;;;;;;;;;;;;;;;;;;;;;;;;;;;;;;;;;;;;;;;;;;;;;;;;;;;;;
Chyntia Kusuma;6 tahun lalu;2;;;;;;;;;;;;;;;;;;;;;;;;;;;;;;;;;;;;;;;;;;;;;;;;;;;;;;;;;;;;;;;;;;;;;;;;;;
Pahlevi Levi;4 tahun lalu;1;;;;;;;;;;;;;;;;;;;;;;;;;;;;;;;;;;;;;;;;;;;;;;;;;;;;;;;;;;;;;;;;;;;;;;;;;;
Daniel Abdilah;6 tahun lalu;1;;;;;;;;;;;;;;;;;;;;;;;;;;;;;;;;;;;;;;;;;;;;;;;;;;;;;;;;;;;;;;;;;;;;;;;;;;
Devin Akbar;5 tahun lalu;2;;;;;;;;;;;;;;;;;;;;;;;;;;;;;;;;;;;;;;;;;;;;;;;;;;;;;;;;;;;;;;;;;;;;;;;;;;
Rizky Wulandari;5 tahun lalu;5;;;;;;;;;;;;;;;;;;;;;;;;;;;;;;;;;;;;;;;;;;;;;;;;;;;;;;;;;;;;;;;;;;;;;;;;;;
Ein Feronika;6 tahun lalu;1;;;;;;;;;;;;;;;;;;;;;;;;;;;;;;;;;;;;;;;;;;;;;;;;;;;;;;;;;;;;;;;;;;;;;;;;;;
Ginting Bengkulu;5 tahun lalu;3;;;;;;;;;;;;;;;;;;;;;;;;;;;;;;;;;;;;;;;;;;;;;;;;;;;;;;;;;;;;;;;;;;;;;;;;;;
m_jundi Channel;5 tahun lalu;4;;;;;;;;;;;;;;;;;;;;;;;;;;;;;;;;;;;;;;;;;;;;;;;;;;;;;;;;;;;;;;;;;;;;;;;;;;
kesuma wijaya;5 tahun lalu;5;;;;;;;;;;;;;;;;;;;;;;;;;;;;;;;;;;;;;;;;;;;;;;;;;;;;;;;;;;;;;;;;;;;;;;;;;;
Aeng Aeng;6 tahun lalu;5;;;;;;;;;;;;;;;;;;;;;;;;;;;;;;;;;;;;;;;;;;;;;;;;;;;;;;;;;;;;;;;;;;;;;;;;;;
Yunisa Susanti;6 tahun lalu;5;;;;;;;;;;;;;;;;;;;;;;;;;;;;;;;;;;;;;;;;;;;;;;;;;;;;;;;;;;;;;;;;;;;;;;;;;;
Aldi Renaldi_23;2 tahun lalu;5;;;;;;;;;;;;;;;;;;;;;;;;;;;;;;;;;;;;;;;;;;;;;;;;;;;;;;;;;;;;;;;;;;;;;;;;;;
Bagusirawan Kusumasandy;4 tahun lalu;5;;;;;;;;;;;;;;;;;;;;;;;;;;;;;;;;;;;;;;;;;;;;;;;;;;;;;;;;;;;;;;;;;;;;;;;;;;
Zuraidah Alam;5 tahun lalu;1;;;;;;;;;;;;;;;;;;;;;;;;;;;;;;;;;;;;;;;;;;;;;;;;;;;;;;;;;;;;;;;;;;;;;;;;;;
Gita Atika;4 tahun lalu;5;;;;;;;;;;;;;;;;;;;;;;;;;;;;;;;;;;;;;;;;;;;;;;;;;;;;;;;;;;;;;;;;;;;;;;;;;;
Arlin Nesya;4 tahun lalu;1;;;;;;;;;;;;;;;;;;;;;;;;;;;;;;;;;;;;;;;;;;;;;;;;;;;;;;;;;;;;;;;;;;;;;;;;;;
Bayu Putra;5 tahun lalu;5;;;;;;;;;;;;;;;;;;;;;;;;;;;;;;;;;;;;;;;;;;;;;;;;;;;;;;;;;;;;;;;;;;;;;;;;;;
Wachid Trisno;3 tahun lalu;5;;;;;;;;;;;;;;;;;;;;;;;;;;;;;;;;;;;;;;;;;;;;;;;;;;;;;;;;;;;;;;;;;;;;;;;;;;
Nugy Ferro;3 tahun lalu;5;;;;;;;;;;;;;;;;;;;;;;;;;;;;;;;;;;;;;;;;;;;;;;;;;;;;;;;;;;;;;;;;;;;;;;;;;;
Taufik Adiputra;3 tahun lalu;5;;;;;;;;;;;;;;;;;;;;;;;;;;;;;;;;;;;;;;;;;;;;;;;;;;;;;;;;;;;;;;;;;;;;;;;;;;
yayuk diva;5 tahun lalu;5;;;;;;;;;;;;;;;;;;;;;;;;;;;;;;;;;;;;;;;;;;;;;;;;;;;;;;;;;;;;;;;;;;;;;;;;;;
Imam Subarkah;2 tahun lalu;5;;;;;;;;;;;;;;;;;;;;;;;;;;;;;;;;;;;;;;;;;;;;;;;;;;;;;;;;;;;;;;;;;;;;;;;;;;
Wiwi Marwiyah;4 tahun lalu;5;;;;;;;;;;;;;;;;;;;;;;;;;;;;;;;;;;;;;;;;;;;;;;;;;;;;;;;;;;;;;;;;;;;;;;;;;;
Jennie Kim;5 tahun lalu;5;;;;;;;;;;;;;;;;;;;;;;;;;;;;;;;;;;;;;;;;;;;;;;;;;;;;;;;;;;;;;;;;;;;;;;;;;;
Andi Zadofa;5 tahun lalu;5;;;;;;;;;;;;;;;;;;;;;;;;;;;;;;;;;;;;;;;;;;;;;;;;;;;;;;;;;;;;;;;;;;;;;;;;;;
Hendi K;4 tahun lalu;4;;;;;;;;;;;;;;;;;;;;;;;;;;;;;;;;;;;;;;;;;;;;;;;;;;;;;;;;;;;;;;;;;;;;;;;;;;
Muhamad Robiansyah;4 tahun lalu;5;;;;;;;;;;;;;;;;;;;;;;;;;;;;;;;;;;;;;;;;;;;;;;;;;;;;;;;;;;;;;;;;;;;;;;;;;;
Angel Liana;5 tahun lalu;5;;;;;;;;;;;;;;;;;;;;;;;;;;;;;;;;;;;;;;;;;;;;;;;;;;;;;;;;;;;;;;;;;;;;;;;;;;
Dwi Monira;4 tahun lalu;5;;;;;;;;;;;;;;;;;;;;;;;;;;;;;;;;;;;;;;;;;;;;;;;;;;;;;;;;;;;;;;;;;;;;;;;;;;
Oca Gianti;5 tahun lalu;5;;;;;;;;;;;;;;;;;;;;;;;;;;;;;;;;;;;;;;;;;;;;;;;;;;;;;;;;;;;;;;;;;;;;;;;;;;
TWA channel;4 tahun lalu;3;;;;;;;;;;;;;;;;;;;;;;;;;;;;;;;;;;;;;;;;;;;;;;;;;;;;;;;;;;;;;;;;;;;;;;;;;;
Pradibta Adib;6 tahun lalu;5;;;;;;;;;;;;;;;;;;;;;;;;;;;;;;;;;;;;;;;;;;;;;;;;;;;;;;;;;;;;;;;;;;;;;;;;;;
Hasni Mangawing;2 tahun lalu;1;;;;;;;;;;;;;;;;;;;;;;;;;;;;;;;;;;;;;;;;;;;;;;;;;;;;;;;;;;;;;;;;;;;;;;;;;;
Dodi Heryanto;2 tahun lalu;5;;;;;;;;;;;;;;;;;;;;;;;;;;;;;;;;;;;;;;;;;;;;;;;;;;;;;;;;;;;;;;;;;;;;;;;;;;
Bobi Herwanto;2 tahun lalu;5;;;;;;;;;;;;;;;;;;;;;;;;;;;;;;;;;;;;;;;;;;;;;;;;;;;;;;;;;;;;;;;;;;;;;;;;;;
Devani Oktavianti;4 tahun lalu;5;;;;;;;;;;;;;;;;;;;;;;;;;;;;;;;;;;;;;;;;;;;;;;;;;;;;;;;;;;;;;;;;;;;;;;;;;;
Fahro Rozi;3 tahun lalu;5;;;;;;;;;;;;;;;;;;;;;;;;;;;;;;;;;;;;;;;;;;;;;;;;;;;;;;;;;;;;;;;;;;;;;;;;;;
Kaito Slay;3 tahun lalu;5;;;;;;;;;;;;;;;;;;;;;;;;;;;;;;;;;;;;;;;;;;;;;;;;;;;;;;;;;;;;;;;;;;;;;;;;;;
Abu Umair;8 bulan lalu;5;;;;;;;;;;;;;;;;;;;;;;;;;;;;;;;;;;;;;;;;;;;;;;;;;;;;;;;;;;;;;;;;;;;;;;;;;;
Dhea Yuldeva;4 tahun lalu;5;;;;;;;;;;;;;;;;;;;;;;;;;;;;;;;;;;;;;;;;;;;;;;;;;;;;;;;;;;;;;;;;;;;;;;;;;;
bintang tambunan;4 tahun lalu;5;;;;;;;;;;;;;;;;;;;;;;;;;;;;;;;;;;;;;;;;;;;;;;;;;;;;;;;;;;;;;;;;;;;;;;;;;;
Rave N;6 tahun lalu;5;;;;;;;;;;;;;;;;;;;;;;;;;;;;;;;;;;;;;;;;;;;;;;;;;;;;;;;;;;;;;;;;;;;;;;;;;;
Muhamad Rifai;4 tahun lalu;3;;;;;;;;;;;;;;;;;;;;;;;;;;;;;;;;;;;;;;;;;;;;;;;;;;;;;;;;;;;;;;;;;;;;;;;;;;
Achmad Fadeli;2 tahun lalu;5;;;;;;;;;;;;;;;;;;;;;;;;;;;;;;;;;;;;;;;;;;;;;;;;;;;;;;;;;;;;;;;;;;;;;;;;;;
Fery Susanto;5 tahun lalu;5;;;;;;;;;;;;;;;;;;;;;;;;;;;;;;;;;;;;;;;;;;;;;;;;;;;;;;;;;;;;;;;;;;;;;;;;;;
yenita malasari;4 tahun lalu;5;;;;;;;;;;;;;;;;;;;;;;;;;;;;;;;;;;;;;;;;;;;;;;;;;;;;;;;;;;;;;;;;;;;;;;;;;;
Andrey Purwana;4 tahun lalu;5;;;;;;;;;;;;;;;;;;;;;;;;;;;;;;;;;;;;;;;;;;;;;;;;;;;;;;;;;;;;;;;;;;;;;;;;;;
ABDUL QODIR;9 bulan lalu;5;;;;;;;;;;;;;;;;;;;;;;;;;;;;;;;;;;;;;;;;;;;;;;;;;;;;;;;;;;;;;;;;;;;;;;;;;;
Khawari Akmal;5 tahun lalu;5;;;;;;;;;;;;;;;;;;;;;;;;;;;;;;;;;;;;;;;;;;;;;;;;;;;;;;;;;;;;;;;;;;;;;;;;;;
Kirana Ningsi;3 tahun lalu;5;;;;;;;;;;;;;;;;;;;;;;;;;;;;;;;;;;;;;;;;;;;;;;;;;;;;;;;;;;;;;;;;;;;;;;;;;;
Daffa _03;5 tahun lalu;1;;;;;;;;;;;;;;;;;;;;;;;;;;;;;;;;;;;;;;;;;;;;;;;;;;;;;;;;;;;;;;;;;;;;;;;;;;
Abraham Alfaraby;4 tahun lalu;4;(Diterjemahkan oleh Google) Oke;;;;;;;;;;;;;;;;;;;;;;;;;;;;;;;;;;;;;;;;;;;;;;;;;;;;;;;;;;;;;;;;;;;;;;;;;
Norman Tamarudin;5 tahun lalu;5;(Diterjemahkan oleh Google) Tempat yang bagus;;;;;;;;;;;;;;;;;;;;;;;;;;;;;;;;;;;;;;;;;;;;;;;;;;;;;;;;;;;;;;;;;;;;;;;;;
aditia Aditia;4 tahun lalu;5;;;;;;;;;;;;;;;;;;;;;;;;;;;;;;;;;;;;;;;;;;;;;;;;;;;;;;;;;;;;;;;;;;;;;;;;;;
Risma Imron;2 tahun lalu;5;;;;;;;;;;;;;;;;;;;;;;;;;;;;;;;;;;;;;;;;;;;;;;;;;;;;;;;;;;;;;;;;;;;;;;;;;;
Azizah Channel;2 tahun lalu;5;;;;;;;;;;;;;;;;;;;;;;;;;;;;;;;;;;;;;;;;;;;;;;;;;;;;;;;;;;;;;;;;;;;;;;;;;;
Febry Nichardo;3 tahun lalu;5;;;;;;;;;;;;;;;;;;;;;;;;;;;;;;;;;;;;;;;;;;;;;;;;;;;;;;;;;;;;;;;;;;;;;;;;;;
Arief Fajri;3 tahun lalu;5;;;;;;;;;;;;;;;;;;;;;;;;;;;;;;;;;;;;;;;;;;;;;;;;;;;;;;;;;;;;;;;;;;;;;;;;;;
Andak Andak;5 tahun lalu;5;;;;;;;;;;;;;;;;;;;;;;;;;;;;;;;;;;;;;;;;;;;;;;;;;;;;;;;;;;;;;;;;;;;;;;;;;;
Handri Hardi;3 tahun lalu;5;;;;;;;;;;;;;;;;;;;;;;;;;;;;;;;;;;;;;;;;;;;;;;;;;;;;;;;;;;;;;;;;;;;;;;;;;;
Meco Mta;5 tahun lalu;2;;;;;;;;;;;;;;;;;;;;;;;;;;;;;;;;;;;;;;;;;;;;;;;;;;;;;;;;;;;;;;;;;;;;;;;;;;
Ade Majid;6 bulan lalu;5;;;;;;;;;;;;;;;;;;;;;;;;;;;;;;;;;;;;;;;;;;;;;;;;;;;;;;;;;;;;;;;;;;;;;;;;;;
Anjas Sahal;5 tahun lalu;1;;;;;;;;;;;;;;;;;;;;;;;;;;;;;;;;;;;;;;;;;;;;;;;;;;;;;;;;;;;;;;;;;;;;;;;;;;
Dimas Setyawan;3 tahun lalu;5;;;;;;;;;;;;;;;;;;;;;;;;;;;;;;;;;;;;;;;;;;;;;;;;;;;;;;;;;;;;;;;;;;;;;;;;;;
Pekri Baikun;4 tahun lalu;5;;;;;;;;;;;;;;;;;;;;;;;;;;;;;;;;;;;;;;;;;;;;;;;;;;;;;;;;;;;;;;;;;;;;;;;;;;
ahmad barnianto;5 tahun lalu;4;;;;;;;;;;;;;;;;;;;;;;;;;;;;;;;;;;;;;;;;;;;;;;;;;;;;;;;;;;;;;;;;;;;;;;;;;;
Septra Lintang;5 tahun lalu;1;;;;;;;;;;;;;;;;;;;;;;;;;;;;;;;;;;;;;;;;;;;;;;;;;;;;;;;;;;;;;;;;;;;;;;;;;;
Muhammad Maulana;3 tahun lalu;5;;;;;;;;;;;;;;;;;;;;;;;;;;;;;;;;;;;;;;;;;;;;;;;;;;;;;;;;;;;;;;;;;;;;;;;;;;
Mohamad Tedy;2 tahun lalu;5;;;;;;;;;;;;;;;;;;;;;;;;;;;;;;;;;;;;;;;;;;;;;;;;;;;;;;;;;;;;;;;;;;;;;;;;;;
adi nugroho;4 tahun lalu;5;;;;;;;;;;;;;;;;;;;;;;;;;;;;;;;;;;;;;;;;;;;;;;;;;;;;;;;;;;;;;;;;;;;;;;;;;;
Deby Reynsi;3 tahun lalu;5;;;;;;;;;;;;;;;;;;;;;;;;;;;;;;;;;;;;;;;;;;;;;;;;;;;;;;;;;;;;;;;;;;;;;;;;;;
Farika Azzahra;2 tahun lalu;3;;;;;;;;;;;;;;;;;;;;;;;;;;;;;;;;;;;;;;;;;;;;;;;;;;;;;;;;;;;;;;;;;;;;;;;;;;
muhammad safitrah;3 minggu lalu;5;;;;;;;;;;;;;;;;;;;;;;;;;;;;;;;;;;;;;;;;;;;;;;;;;;;;;;;;;;;;;;;;;;;;;;;;;;
Fier 20;4 tahun lalu;2;;;;;;;;;;;;;;;;;;;;;;;;;;;;;;;;;;;;;;;;;;;;;;;;;;;;;;;;;;;;;;;;;;;;;;;;;;
Genio Czan;3 tahun lalu;5;;;;;;;;;;;;;;;;;;;;;;;;;;;;;;;;;;;;;;;;;;;;;;;;;;;;;;;;;;;;;;;;;;;;;;;;;;
Asef Gusman;6 tahun lalu;5;;;;;;;;;;;;;;;;;;;;;;;;;;;;;;;;;;;;;;;;;;;;;;;;;;;;;;;;;;;;;;;;;;;;;;;;;;
Adrianti Zafa;4 tahun lalu;5;;;;;;;;;;;;;;;;;;;;;;;;;;;;;;;;;;;;;;;;;;;;;;;;;;;;;;;;;;;;;;;;;;;;;;;;;;
Jaya Pemimpi;6 tahun lalu;5;;;;;;;;;;;;;;;;;;;;;;;;;;;;;;;;;;;;;;;;;;;;;;;;;;;;;;;;;;;;;;;;;;;;;;;;;;
Keweng Dcosta;3 tahun lalu;5;;;;;;;;;;;;;;;;;;;;;;;;;;;;;;;;;;;;;;;;;;;;;;;;;;;;;;;;;;;;;;;;;;;;;;;;;;
Riwan Aja;6 tahun lalu;1;;;;;;;;;;;;;;;;;;;;;;;;;;;;;;;;;;;;;;;;;;;;;;;;;;;;;;;;;;;;;;;;;;;;;;;;;;
Boy Setiyawan;3 tahun lalu;5;;;;;;;;;;;;;;;;;;;;;;;;;;;;;;;;;;;;;;;;;;;;;;;;;;;;;;;;;;;;;;;;;;;;;;;;;;
yetie febriani;6 tahun lalu;5;;;;;;;;;;;;;;;;;;;;;;;;;;;;;;;;;;;;;;;;;;;;;;;;;;;;;;;;;;;;;;;;;;;;;;;;;;
Santosa Tri;6 tahun lalu;5;;;;;;;;;;;;;;;;;;;;;;;;;;;;;;;;;;;;;;;;;;;;;;;;;;;;;;;;;;;;;;;;;;;;;;;;;;
Muhammad Aslam;3 tahun lalu;5;;;;;;;;;;;;;;;;;;;;;;;;;;;;;;;;;;;;;;;;;;;;;;;;;;;;;;;;;;;;;;;;;;;;;;;;;;
yudha ys;4 tahun lalu;5;;;;;;;;;;;;;;;;;;;;;;;;;;;;;;;;;;;;;;;;;;;;;;;;;;;;;;;;;;;;;;;;;;;;;;;;;;
Best Piccolo;3 tahun lalu;5;;;;;;;;;;;;;;;;;;;;;;;;;;;;;;;;;;;;;;;;;;;;;;;;;;;;;;;;;;;;;;;;;;;;;;;;;;
madevaka madevaka;4 tahun lalu;1;;;;;;;;;;;;;;;;;;;;;;;;;;;;;;;;;;;;;;;;;;;;;;;;;;;;;;;;;;;;;;;;;;;;;;;;;;
Ozi Zie;6 tahun lalu;5;;;;;;;;;;;;;;;;;;;;;;;;;;;;;;;;;;;;;;;;;;;;;;;;;;;;;;;;;;;;;;;;;;;;;;;;;;
Ade Suparman;4 tahun lalu;5;;;;;;;;;;;;;;;;;;;;;;;;;;;;;;;;;;;;;;;;;;;;;;;;;;;;;;;;;;;;;;;;;;;;;;;;;;
fira frnnda;6 tahun lalu;5;;;;;;;;;;;;;;;;;;;;;;;;;;;;;;;;;;;;;;;;;;;;;;;;;;;;;;;;;;;;;;;;;;;;;;;;;;
Anggie Muzaki;5 tahun lalu;5;;;;;;;;;;;;;;;;;;;;;;;;;;;;;;;;;;;;;;;;;;;;;;;;;;;;;;;;;;;;;;;;;;;;;;;;;;
Aska Kun;4 tahun lalu;5;;;;;;;;;;;;;;;;;;;;;;;;;;;;;;;;;;;;;;;;;;;;;;;;;;;;;;;;;;;;;;;;;;;;;;;;;;
Darhawi Darhawi;2 tahun lalu;1;;;;;;;;;;;;;;;;;;;;;;;;;;;;;;;;;;;;;;;;;;;;;;;;;;;;;;;;;;;;;;;;;;;;;;;;;;
Ayi Pijay;9 bulan lalu;5;;;;;;;;;;;;;;;;;;;;;;;;;;;;;;;;;;;;;;;;;;;;;;;;;;;;;;;;;;;;;;;;;;;;;;;;;;
Ferry Fer;5 tahun lalu;5;;;;;;;;;;;;;;;;;;;;;;;;;;;;;;;;;;;;;;;;;;;;;;;;;;;;;;;;;;;;;;;;;;;;;;;;;;
Muhammad Sulfikar;4 tahun lalu;5;;;;;;;;;;;;;;;;;;;;;;;;;;;;;;;;;;;;;;;;;;;;;;;;;;;;;;;;;;;;;;;;;;;;;;;;;;
M Rozali;4 tahun lalu;4;;;;;;;;;;;;;;;;;;;;;;;;;;;;;;;;;;;;;;;;;;;;;;;;;;;;;;;;;;;;;;;;;;;;;;;;;;
CATUR PRASETYO;5 tahun lalu;5;;;;;;;;;;;;;;;;;;;;;;;;;;;;;;;;;;;;;;;;;;;;;;;;;;;;;;;;;;;;;;;;;;;;;;;;;;
della pga;2 tahun lalu;1;;;;;;;;;;;;;;;;;;;;;;;;;;;;;;;;;;;;;;;;;;;;;;;;;;;;;;;;;;;;;;;;;;;;;;;;;;
Ade Fedriyan;5 tahun lalu;5;;;;;;;;;;;;;;;;;;;;;;;;;;;;;;;;;;;;;;;;;;;;;;;;;;;;;;;;;;;;;;;;;;;;;;;;;;
Nuryaningsih Septi;3 tahun lalu;5;;;;;;;;;;;;;;;;;;;;;;;;;;;;;;;;;;;;;;;;;;;;;;;;;;;;;;;;;;;;;;;;;;;;;;;;;;
Zaskia Mawaddah;3 tahun lalu;5;;;;;;;;;;;;;;;;;;;;;;;;;;;;;;;;;;;;;;;;;;;;;;;;;;;;;;;;;;;;;;;;;;;;;;;;;;
Cahaya Annisa;6 tahun lalu;1;;;;;;;;;;;;;;;;;;;;;;;;;;;;;;;;;;;;;;;;;;;;;;;;;;;;;;;;;;;;;;;;;;;;;;;;;;
Siti Rahayu;3 tahun lalu;5;;;;;;;;;;;;;;;;;;;;;;;;;;;;;;;;;;;;;;;;;;;;;;;;;;;;;;;;;;;;;;;;;;;;;;;;;;
raja aditya;4 tahun lalu;5;;;;;;;;;;;;;;;;;;;;;;;;;;;;;;;;;;;;;;;;;;;;;;;;;;;;;;;;;;;;;;;;;;;;;;;;;;
tiara aprillia;4 tahun lalu;5;;;;;;;;;;;;;;;;;;;;;;;;;;;;;;;;;;;;;;;;;;;;;;;;;;;;;;;;;;;;;;;;;;;;;;;;;;
Hassemi Ragsanjani;5 tahun lalu;4;;;;;;;;;;;;;;;;;;;;;;;;;;;;;;;;;;;;;;;;;;;;;;;;;;;;;;;;;;;;;;;;;;;;;;;;;;
Rudiwt 25;2 tahun lalu;5;;;;;;;;;;;;;;;;;;;;;;;;;;;;;;;;;;;;;;;;;;;;;;;;;;;;;;;;;;;;;;;;;;;;;;;;;;
ay nuraisyah;2 minggu lalu;5;;;;;;;;;;;;;;;;;;;;;;;;;;;;;;;;;;;;;;;;;;;;;;;;;;;;;;;;;;;;;;;;;;;;;;;;;;
Akmal Pasa;4 tahun lalu;5;;;;;;;;;;;;;;;;;;;;;;;;;;;;;;;;;;;;;;;;;;;;;;;;;;;;;;;;;;;;;;;;;;;;;;;;;;
Gen Taa;2 tahun lalu;5;;;;;;;;;;;;;;;;;;;;;;;;;;;;;;;;;;;;;;;;;;;;;;;;;;;;;;;;;;;;;;;;;;;;;;;;;;
Despa Nopta;2 tahun lalu;5;;;;;;;;;;;;;;;;;;;;;;;;;;;;;;;;;;;;;;;;;;;;;;;;;;;;;;;;;;;;;;;;;;;;;;;;;;
Tiara Susanti;5 tahun lalu;5;;;;;;;;;;;;;;;;;;;;;;;;;;;;;;;;;;;;;;;;;;;;;;;;;;;;;;;;;;;;;;;;;;;;;;;;;;
Arie Bee;5 tahun lalu;5;;;;;;;;;;;;;;;;;;;;;;;;;;;;;;;;;;;;;;;;;;;;;;;;;;;;;;;;;;;;;;;;;;;;;;;;;;
Amel La;5 tahun lalu;5;;;;;;;;;;;;;;;;;;;;;;;;;;;;;;;;;;;;;;;;;;;;;;;;;;;;;;;;;;;;;;;;;;;;;;;;;;
Echa Saleha;2 tahun lalu;5;;;;;;;;;;;;;;;;;;;;;;;;;;;;;;;;;;;;;;;;;;;;;;;;;;;;;;;;;;;;;;;;;;;;;;;;;;
Chika Adelia;3 tahun lalu;1;;;;;;;;;;;;;;;;;;;;;;;;;;;;;;;;;;;;;;;;;;;;;;;;;;;;;;;;;;;;;;;;;;;;;;;;;;
OT LAMVION;3 tahun lalu;5;;;;;;;;;;;;;;;;;;;;;;;;;;;;;;;;;;;;;;;;;;;;;;;;;;;;;;;;;;;;;;;;;;;;;;;;;;
Muhammad Ali;6 tahun lalu;5;;;;;;;;;;;;;;;;;;;;;;;;;;;;;;;;;;;;;;;;;;;;;;;;;;;;;;;;;;;;;;;;;;;;;;;;;;
ZapoeR Oceh;4 tahun lalu;5;;;;;;;;;;;;;;;;;;;;;;;;;;;;;;;;;;;;;;;;;;;;;;;;;;;;;;;;;;;;;;;;;;;;;;;;;;
Abi Rahman;2 tahun lalu;5;;;;;;;;;;;;;;;;;;;;;;;;;;;;;;;;;;;;;;;;;;;;;;;;;;;;;;;;;;;;;;;;;;;;;;;;;;
Nur Baiti;2 tahun lalu;5;;;;;;;;;;;;;;;;;;;;;;;;;;;;;;;;;;;;;;;;;;;;;;;;;;;;;;;;;;;;;;;;;;;;;;;;;;
Andiko Pratama;3 tahun lalu;5;;;;;;;;;;;;;;;;;;;;;;;;;;;;;;;;;;;;;;;;;;;;;;;;;;;;;;;;;;;;;;;;;;;;;;;;;;
novika yenny;3 tahun lalu;3;;;;;;;;;;;;;;;;;;;;;;;;;;;;;;;;;;;;;;;;;;;;;;;;;;;;;;;;;;;;;;;;;;;;;;;;;;
Ahmadi Saputra;2 tahun lalu;5;;;;;;;;;;;;;;;;;;;;;;;;;;;;;;;;;;;;;;;;;;;;;;;;;;;;;;;;;;;;;;;;;;;;;;;;;;
Pagaralam RC;2 tahun lalu;5;;;;;;;;;;;;;;;;;;;;;;;;;;;;;;;;;;;;;;;;;;;;;;;;;;;;;;;;;;;;;;;;;;;;;;;;;;
Ahmad Doank;2 tahun lalu;5;;;;;;;;;;;;;;;;;;;;;;;;;;;;;;;;;;;;;;;;;;;;;;;;;;;;;;;;;;;;;;;;;;;;;;;;;;
febie _ee;2 tahun lalu;5;;;;;;;;;;;;;;;;;;;;;;;;;;;;;;;;;;;;;;;;;;;;;;;;;;;;;;;;;;;;;;;;;;;;;;;;;;
Ahmad Sobirin;4 tahun lalu;5;;;;;;;;;;;;;;;;;;;;;;;;;;;;;;;;;;;;;;;;;;;;;;;;;;;;;;;;;;;;;;;;;;;;;;;;;;
Alfin Gaming;2 tahun lalu;5;;;;;;;;;;;;;;;;;;;;;;;;;;;;;;;;;;;;;;;;;;;;;;;;;;;;;;;;;;;;;;;;;;;;;;;;;;
Raden Motovlog;4 tahun lalu;5;;;;;;;;;;;;;;;;;;;;;;;;;;;;;;;;;;;;;;;;;;;;;;;;;;;;;;;;;;;;;;;;;;;;;;;;;;
Isma Wati;5 tahun lalu;1;;;;;;;;;;;;;;;;;;;;;;;;;;;;;;;;;;;;;;;;;;;;;;;;;;;;;;;;;;;;;;;;;;;;;;;;;;
Mad Toing;3 tahun lalu;5;;;;;;;;;;;;;;;;;;;;;;;;;;;;;;;;;;;;;;;;;;;;;;;;;;;;;;;;;;;;;;;;;;;;;;;;;;
Andri Muhsin;5 tahun lalu;4;;;;;;;;;;;;;;;;;;;;;;;;;;;;;;;;;;;;;;;;;;;;;;;;;;;;;;;;;;;;;;;;;;;;;;;;;;
Peyang Aja;4 tahun lalu;5;;;;;;;;;;;;;;;;;;;;;;;;;;;;;;;;;;;;;;;;;;;;;;;;;;;;;;;;;;;;;;;;;;;;;;;;;;
Wahyu Tri;6 tahun lalu;5;;;;;;;;;;;;;;;;;;;;;;;;;;;;;;;;;;;;;;;;;;;;;;;;;;;;;;;;;;;;;;;;;;;;;;;;;;
Muhammad Fikridamai;6 tahun lalu;5;;;;;;;;;;;;;;;;;;;;;;;;;;;;;;;;;;;;;;;;;;;;;;;;;;;;;;;;;;;;;;;;;;;;;;;;;;
Rina Huang;4 tahun lalu;2;;;;;;;;;;;;;;;;;;;;;;;;;;;;;;;;;;;;;;;;;;;;;;;;;;;;;;;;;;;;;;;;;;;;;;;;;;
Derry Putra;6 tahun lalu;5;;;;;;;;;;;;;;;;;;;;;;;;;;;;;;;;;;;;;;;;;;;;;;;;;;;;;;;;;;;;;;;;;;;;;;;;;;
Siti Aminah;4 tahun lalu;4;;;;;;;;;;;;;;;;;;;;;;;;;;;;;;;;;;;;;;;;;;;;;;;;;;;;;;;;;;;;;;;;;;;;;;;;;;
prayoga mupay;6 tahun lalu;5;;;;;;;;;;;;;;;;;;;;;;;;;;;;;;;;;;;;;;;;;;;;;;;;;;;;;;;;;;;;;;;;;;;;;;;;;;
Serly Yasir03;4 tahun lalu;5;;;;;;;;;;;;;;;;;;;;;;;;;;;;;;;;;;;;;;;;;;;;;;;;;;;;;;;;;;;;;;;;;;;;;;;;;;
Via Arsyadillah;6 tahun lalu;4;;;;;;;;;;;;;;;;;;;;;;;;;;;;;;;;;;;;;;;;;;;;;;;;;;;;;;;;;;;;;;;;;;;;;;;;;;
Syahril Sabirin;2 tahun lalu;4;;;;;;;;;;;;;;;;;;;;;;;;;;;;;;;;;;;;;;;;;;;;;;;;;;;;;;;;;;;;;;;;;;;;;;;;;;
Naufal Plg;4 tahun lalu;5;;;;;;;;;;;;;;;;;;;;;;;;;;;;;;;;;;;;;;;;;;;;;;;;;;;;;;;;;;;;;;;;;;;;;;;;;;
danang ajibon;5 tahun lalu;5;;;;;;;;;;;;;;;;;;;;;;;;;;;;;;;;;;;;;;;;;;;;;;;;;;;;;;;;;;;;;;;;;;;;;;;;;;
Widya Novalina;2 tahun lalu;5;;;;;;;;;;;;;;;;;;;;;;;;;;;;;;;;;;;;;;;;;;;;;;;;;;;;;;;;;;;;;;;;;;;;;;;;;;
Herman Steve;5 tahun lalu;5;;;;;;;;;;;;;;;;;;;;;;;;;;;;;;;;;;;;;;;;;;;;;;;;;;;;;;;;;;;;;;;;;;;;;;;;;;
Rendy Aja;2 tahun lalu;5;;;;;;;;;;;;;;;;;;;;;;;;;;;;;;;;;;;;;;;;;;;;;;;;;;;;;;;;;;;;;;;;;;;;;;;;;;
Indrinal Jahaya;5 tahun lalu;5;;;;;;;;;;;;;;;;;;;;;;;;;;;;;;;;;;;;;;;;;;;;;;;;;;;;;;;;;;;;;;;;;;;;;;;;;;
MhmdFadil 1504;5 tahun lalu;1;;;;;;;;;;;;;;;;;;;;;;;;;;;;;;;;;;;;;;;;;;;;;;;;;;;;;;;;;;;;;;;;;;;;;;;;;;
jemi arian22;5 tahun lalu;5;;;;;;;;;;;;;;;;;;;;;;;;;;;;;;;;;;;;;;;;;;;;;;;;;;;;;;;;;;;;;;;;;;;;;;;;;;
anggie febria;5 tahun lalu;5;;;;;;;;;;;;;;;;;;;;;;;;;;;;;;;;;;;;;;;;;;;;;;;;;;;;;;;;;;;;;;;;;;;;;;;;;;
Ovan Yt;5 tahun lalu;5;;;;;;;;;;;;;;;;;;;;;;;;;;;;;;;;;;;;;;;;;;;;;;;;;;;;;;;;;;;;;;;;;;;;;;;;;;
Noto Noprianto;6 tahun lalu;5;;;;;;;;;;;;;;;;;;;;;;;;;;;;;;;;;;;;;;;;;;;;;;;;;;;;;;;;;;;;;;;;;;;;;;;;;;
Bedeng Kresek;5 tahun lalu;2;;;;;;;;;;;;;;;;;;;;;;;;;;;;;;;;;;;;;;;;;;;;;;;;;;;;;;;;;;;;;;;;;;;;;;;;;;
Mamat Regge;5 tahun lalu;5;;;;;;;;;;;;;;;;;;;;;;;;;;;;;;;;;;;;;;;;;;;;;;;;;;;;;;;;;;;;;;;;;;;;;;;;;;
Trisno 14;3 bulan lalu;5;;;;;;;;;;;;;;;;;;;;;;;;;;;;;;;;;;;;;;;;;;;;;;;;;;;;;;;;;;;;;;;;;;;;;;;;;;
Wafa ralea;5 tahun lalu;5;;;;;;;;;;;;;;;;;;;;;;;;;;;;;;;;;;;;;;;;;;;;;;;;;;;;;;;;;;;;;;;;;;;;;;;;;;
Juhar Tono;6 tahun lalu;5;;;;;;;;;;;;;;;;;;;;;;;;;;;;;;;;;;;;;;;;;;;;;;;;;;;;;;;;;;;;;;;;;;;;;;;;;;
TUTORIAL NIFANO;3 tahun lalu;5;;;;;;;;;;;;;;;;;;;;;;;;;;;;;;;;;;;;;;;;;;;;;;;;;;;;;;;;;;;;;;;;;;;;;;;;;;
nova falensi;4 tahun lalu;1;;;;;;;;;;;;;;;;;;;;;;;;;;;;;;;;;;;;;;;;;;;;;;;;;;;;;;;;;;;;;;;;;;;;;;;;;;
Tenti Juliansi;2 tahun lalu;5;;;;;;;;;;;;;;;;;;;;;;;;;;;;;;;;;;;;;;;;;;;;;;;;;;;;;;;;;;;;;;;;;;;;;;;;;;
Kama amaris;3 tahun lalu;5;;;;;;;;;;;;;;;;;;;;;;;;;;;;;;;;;;;;;;;;;;;;;;;;;;;;;;;;;;;;;;;;;;;;;;;;;;
Joko Supryianto;5 tahun lalu;1;;;;;;;;;;;;;;;;;;;;;;;;;;;;;;;;;;;;;;;;;;;;;;;;;;;;;;;;;;;;;;;;;;;;;;;;;;
Joni Joni;4 tahun lalu;5;;;;;;;;;;;;;;;;;;;;;;;;;;;;;;;;;;;;;;;;;;;;;;;;;;;;;;;;;;;;;;;;;;;;;;;;;;
Alfarisi Be;4 tahun lalu;3;;;;;;;;;;;;;;;;;;;;;;;;;;;;;;;;;;;;;;;;;;;;;;;;;;;;;;;;;;;;;;;;;;;;;;;;;;
Ella Cahaya;4 tahun lalu;5;;;;;;;;;;;;;;;;;;;;;;;;;;;;;;;;;;;;;;;;;;;;;;;;;;;;;;;;;;;;;;;;;;;;;;;;;;
Tika haryani;2 tahun lalu;5;;;;;;;;;;;;;;;;;;;;;;;;;;;;;;;;;;;;;;;;;;;;;;;;;;;;;;;;;;;;;;;;;;;;;;;;;;
NGANGGUR TODAY;5 tahun lalu;5;;;;;;;;;;;;;;;;;;;;;;;;;;;;;;;;;;;;;;;;;;;;;;;;;;;;;;;;;;;;;;;;;;;;;;;;;;
Alisha Maulidita;4 tahun lalu;5;;;;;;;;;;;;;;;;;;;;;;;;;;;;;;;;;;;;;;;;;;;;;;;;;;;;;;;;;;;;;;;;;;;;;;;;;;
Vario Sarawak;4 tahun lalu;5;;;;;;;;;;;;;;;;;;;;;;;;;;;;;;;;;;;;;;;;;;;;;;;;;;;;;;;;;;;;;;;;;;;;;;;;;;
Tri Sulastri;2 tahun lalu;5;;;;;;;;;;;;;;;;;;;;;;;;;;;;;;;;;;;;;;;;;;;;;;;;;;;;;;;;;;;;;;;;;;;;;;;;;;
Rizky Mardhatillah;4 tahun lalu;4;;;;;;;;;;;;;;;;;;;;;;;;;;;;;;;;;;;;;;;;;;;;;;;;;;;;;;;;;;;;;;;;;;;;;;;;;;
Siswanto 45;2 tahun lalu;5;;;;;;;;;;;;;;;;;;;;;;;;;;;;;;;;;;;;;;;;;;;;;;;;;;;;;;;;;;;;;;;;;;;;;;;;;;
Arrman Aalmahendra;8 bulan lalu;1;;;;;;;;;;;;;;;;;;;;;;;;;;;;;;;;;;;;;;;;;;;;;;;;;;;;;;;;;;;;;;;;;;;;;;;;;;
Chanel religi;5 tahun lalu;4;;;;;;;;;;;;;;;;;;;;;;;;;;;;;;;;;;;;;;;;;;;;;;;;;;;;;;;;;;;;;;;;;;;;;;;;;;
jae wortel;4 tahun lalu;3;;;;;;;;;;;;;;;;;;;;;;;;;;;;;;;;;;;;;;;;;;;;;;;;;;;;;;;;;;;;;;;;;;;;;;;;;;
Lisa Triyani;4 tahun lalu;1;;;;;;;;;;;;;;;;;;;;;;;;;;;;;;;;;;;;;;;;;;;;;;;;;;;;;;;;;;;;;;;;;;;;;;;;;;
hefri zeki;5 tahun lalu;5;;;;;;;;;;;;;;;;;;;;;;;;;;;;;;;;;;;;;;;;;;;;;;;;;;;;;;;;;;;;;;;;;;;;;;;;;;
Aldo Aditya;6 bulan lalu;4;;;;;;;;;;;;;;;;;;;;;;;;;;;;;;;;;;;;;;;;;;;;;;;;;;;;;;;;;;;;;;;;;;;;;;;;;;
Ratna Suci;4 tahun lalu;5;;;;;;;;;;;;;;;;;;;;;;;;;;;;;;;;;;;;;;;;;;;;;;;;;;;;;;;;;;;;;;;;;;;;;;;;;;
Yuhe Jocelyn;4 tahun lalu;5;;;;;;;;;;;;;;;;;;;;;;;;;;;;;;;;;;;;;;;;;;;;;;;;;;;;;;;;;;;;;;;;;;;;;;;;;;
Jaya Ridwan;2 tahun lalu;5;;;;;;;;;;;;;;;;;;;;;;;;;;;;;;;;;;;;;;;;;;;;;;;;;;;;;;;;;;;;;;;;;;;;;;;;;;
Tirsan Pemuja;5 tahun lalu;2;;;;;;;;;;;;;;;;;;;;;;;;;;;;;;;;;;;;;;;;;;;;;;;;;;;;;;;;;;;;;;;;;;;;;;;;;;
deni fauzan;5 tahun lalu;4;;;;;;;;;;;;;;;;;;;;;;;;;;;;;;;;;;;;;;;;;;;;;;;;;;;;;;;;;;;;;;;;;;;;;;;;;;
Deki Sinaga;4 tahun lalu;5;;;;;;;;;;;;;;;;;;;;;;;;;;;;;;;;;;;;;;;;;;;;;;;;;;;;;;;;;;;;;;;;;;;;;;;;;;
Filmar mar;3 tahun lalu;5;;;;;;;;;;;;;;;;;;;;;;;;;;;;;;;;;;;;;;;;;;;;;;;;;;;;;;;;;;;;;;;;;;;;;;;;;;
Anggria Safitri;6 tahun lalu;5;;;;;;;;;;;;;;;;;;;;;;;;;;;;;;;;;;;;;;;;;;;;;;;;;;;;;;;;;;;;;;;;;;;;;;;;;;
aphin Asmara;2 tahun lalu;5;;;;;;;;;;;;;;;;;;;;;;;;;;;;;;;;;;;;;;;;;;;;;;;;;;;;;;;;;;;;;;;;;;;;;;;;;;
Putri Pga;4 tahun lalu;1;;;;;;;;;;;;;;;;;;;;;;;;;;;;;;;;;;;;;;;;;;;;;;;;;;;;;;;;;;;;;;;;;;;;;;;;;;
Hasanuddin Nurdin;6 tahun lalu;5;;;;;;;;;;;;;;;;;;;;;;;;;;;;;;;;;;;;;;;;;;;;;;;;;;;;;;;;;;;;;;;;;;;;;;;;;;
Roni Pga;5 tahun lalu;5;;;;;;;;;;;;;;;;;;;;;;;;;;;;;;;;;;;;;;;;;;;;;;;;;;;;;;;;;;;;;;;;;;;;;;;;;;
anak paibo;5 tahun lalu;5;;;;;;;;;;;;;;;;;;;;;;;;;;;;;;;;;;;;;;;;;;;;;;;;;;;;;;;;;;;;;;;;;;;;;;;;;;
GROOVE FAMILLIES;2 tahun lalu;5;;;;;;;;;;;;;;;;;;;;;;;;;;;;;;;;;;;;;;;;;;;;;;;;;;;;;;;;;;;;;;;;;;;;;;;;;;
Zainal Masudi;5 tahun lalu;4;;;;;;;;;;;;;;;;;;;;;;;;;;;;;;;;;;;;;;;;;;;;;;;;;;;;;;;;;;;;;;;;;;;;;;;;;;
Advan S5e;5 tahun lalu;1;;;;;;;;;;;;;;;;;;;;;;;;;;;;;;;;;;;;;;;;;;;;;;;;;;;;;;;;;;;;;;;;;;;;;;;;;;
Putra Salju;6 tahun lalu;2;;;;;;;;;;;;;;;;;;;;;;;;;;;;;;;;;;;;;;;;;;;;;;;;;;;;;;;;;;;;;;;;;;;;;;;;;;
Yusup Java;4 tahun lalu;4;;;;;;;;;;;;;;;;;;;;;;;;;;;;;;;;;;;;;;;;;;;;;;;;;;;;;;;;;;;;;;;;;;;;;;;;;;
Redmiku Note3ku;5 tahun lalu;1;;;;;;;;;;;;;;;;;;;;;;;;;;;;;;;;;;;;;;;;;;;;;;;;;;;;;;;;;;;;;;;;;;;;;;;;;;
dk satrio;2 tahun lalu;5;;;;;;;;;;;;;;;;;;;;;;;;;;;;;;;;;;;;;;;;;;;;;;;;;;;;;;;;;;;;;;;;;;;;;;;;;;
Dinda Oo;2 tahun lalu;5;;;;;;;;;;;;;;;;;;;;;;;;;;;;;;;;;;;;;;;;;;;;;;;;;;;;;;;;;;;;;;;;;;;;;;;;;;
Ayunie Melati;6 tahun lalu;5;;;;;;;;;;;;;;;;;;;;;;;;;;;;;;;;;;;;;;;;;;;;;;;;;;;;;;;;;;;;;;;;;;;;;;;;;;
Ef Putra;3 bulan lalu;2;;;;;;;;;;;;;;;;;;;;;;;;;;;;;;;;;;;;;;;;;;;;;;;;;;;;;;;;;;;;;;;;;;;;;;;;;;
Muhammad Dimas;2 tahun lalu;5;;;;;;;;;;;;;;;;;;;;;;;;;;;;;;;;;;;;;;;;;;;;;;;;;;;;;;;;;;;;;;;;;;;;;;;;;;
Noviar Ramadhan;2 tahun lalu;5;;;;;;;;;;;;;;;;;;;;;;;;;;;;;;;;;;;;;;;;;;;;;;;;;;;;;;;;;;;;;;;;;;;;;;;;;;
sang pemulah;2 tahun lalu;4;;;;;;;;;;;;;;;;;;;;;;;;;;;;;;;;;;;;;;;;;;;;;;;;;;;;;;;;;;;;;;;;;;;;;;;;;;
Guntur Rivan;6 tahun lalu;1;;;;;;;;;;;;;;;;;;;;;;;;;;;;;;;;;;;;;;;;;;;;;;;;;;;;;;;;;;;;;;;;;;;;;;;;;;
Ida Degei;5 tahun lalu;5;;;;;;;;;;;;;;;;;;;;;;;;;;;;;;;;;;;;;;;;;;;;;;;;;;;;;;;;;;;;;;;;;;;;;;;;;;
Erhan Doang;6 tahun lalu;3;;;;;;;;;;;;;;;;;;;;;;;;;;;;;;;;;;;;;;;;;;;;;;;;;;;;;;;;;;;;;;;;;;;;;;;;;;
tri fatkhurohman;5 tahun lalu;5;;;;;;;;;;;;;;;;;;;;;;;;;;;;;;;;;;;;;;;;;;;;;;;;;;;;;;;;;;;;;;;;;;;;;;;;;;
Riana Dwi;5 tahun lalu;3;;;;;;;;;;;;;;;;;;;;;;;;;;;;;;;;;;;;;;;;;;;;;;;;;;;;;;;;;;;;;;;;;;;;;;;;;;
Muhamad Alfi;2 tahun lalu;3;;;;;;;;;;;;;;;;;;;;;;;;;;;;;;;;;;;;;;;;;;;;;;;;;;;;;;;;;;;;;;;;;;;;;;;;;;
RISTON SINAGA;5 bulan lalu;5;;;;;;;;;;;;;;;;;;;;;;;;;;;;;;;;;;;;;;;;;;;;;;;;;;;;;;;;;;;;;;;;;;;;;;;;;;
Putra Cell;5 tahun lalu;4;;;;;;;;;;;;;;;;;;;;;;;;;;;;;;;;;;;;;;;;;;;;;;;;;;;;;;;;;;;;;;;;;;;;;;;;;;
Denny Pku02;6 tahun lalu;5;;;;;;;;;;;;;;;;;;;;;;;;;;;;;;;;;;;;;;;;;;;;;;;;;;;;;;;;;;;;;;;;;;;;;;;;;;
Muhammad Ali;3 tahun lalu;5;;;;;;;;;;;;;;;;;;;;;;;;;;;;;;;;;;;;;;;;;;;;;;;;;;;;;;;;;;;;;;;;;;;;;;;;;;
Dian oktarina;2 tahun lalu;5;;;;;;;;;;;;;;;;;;;;;;;;;;;;;;;;;;;;;;;;;;;;;;;;;;;;;;;;;;;;;;;;;;;;;;;;;;
nizka channel;2 tahun lalu;5;;;;;;;;;;;;;;;;;;;;;;;;;;;;;;;;;;;;;;;;;;;;;;;;;;;;;;;;;;;;;;;;;;;;;;;;;;
Antok Sfi;6 tahun lalu;2;;;;;;;;;;;;;;;;;;;;;;;;;;;;;;;;;;;;;;;;;;;;;;;;;;;;;;;;;;;;;;;;;;;;;;;;;;
Jepri Fernando;4 tahun lalu;4;;;;;;;;;;;;;;;;;;;;;;;;;;;;;;;;;;;;;;;;;;;;;;;;;;;;;;;;;;;;;;;;;;;;;;;;;;
Felix Marpaung;4 bulan lalu;4;;;;;;;;;;;;;;;;;;;;;;;;;;;;;;;;;;;;;;;;;;;;;;;;;;;;;;;;;;;;;;;;;;;;;;;;;;
Robert Licardo;2 tahun lalu;5;;;;;;;;;;;;;;;;;;;;;;;;;;;;;;;;;;;;;;;;;;;;;;;;;;;;;;;;;;;;;;;;;;;;;;;;;;
Ilham Pga;3 tahun lalu;5;;;;;;;;;;;;;;;;;;;;;;;;;;;;;;;;;;;;;;;;;;;;;;;;;;;;;;;;;;;;;;;;;;;;;;;;;;
M Ahnaf;3 tahun lalu;5;;;;;;;;;;;;;;;;;;;;;;;;;;;;;;;;;;;;;;;;;;;;;;;;;;;;;;;;;;;;;;;;;;;;;;;;;;
Bendra Wardana;2 tahun lalu;5;;;;;;;;;;;;;;;;;;;;;;;;;;;;;;;;;;;;;;;;;;;;;;;;;;;;;;;;;;;;;;;;;;;;;;;;;;
Zika Zabila;3 tahun lalu;5;;;;;;;;;;;;;;;;;;;;;;;;;;;;;;;;;;;;;;;;;;;;;;;;;;;;;;;;;;;;;;;;;;;;;;;;;;
Salsabila Izzahs;6 tahun lalu;5;;;;;;;;;;;;;;;;;;;;;;;;;;;;;;;;;;;;;;;;;;;;;;;;;;;;;;;;;;;;;;;;;;;;;;;;;;
Luky Herlambang;2 tahun lalu;1;;;;;;;;;;;;;;;;;;;;;;;;;;;;;;;;;;;;;;;;;;;;;;;;;;;;;;;;;;;;;;;;;;;;;;;;;;
tito tito;5 tahun lalu;3;;;;;;;;;;;;;;;;;;;;;;;;;;;;;;;;;;;;;;;;;;;;;;;;;;;;;;;;;;;;;;;;;;;;;;;;;;
ahmad suryadi;5 tahun lalu;2;;;;;;;;;;;;;;;;;;;;;;;;;;;;;;;;;;;;;;;;;;;;;;;;;;;;;;;;;;;;;;;;;;;;;;;;;;
Dio Decaprio;3 tahun lalu;5;;;;;;;;;;;;;;;;;;;;;;;;;;;;;;;;;;;;;;;;;;;;;;;;;;;;;;;;;;;;;;;;;;;;;;;;;;
Widyaningrum Savitri;5 tahun lalu;5;;;;;;;;;;;;;;;;;;;;;;;;;;;;;;;;;;;;;;;;;;;;;;;;;;;;;;;;;;;;;;;;;;;;;;;;;;
Sartika Yamanaka;4 tahun lalu;1;;;;;;;;;;;;;;;;;;;;;;;;;;;;;;;;;;;;;;;;;;;;;;;;;;;;;;;;;;;;;;;;;;;;;;;;;;
Muhammad Yusran;6 tahun lalu;5;;;;;;;;;;;;;;;;;;;;;;;;;;;;;;;;;;;;;;;;;;;;;;;;;;;;;;;;;;;;;;;;;;;;;;;;;;
Iwan Kurniawan;3 tahun lalu;5;;;;;;;;;;;;;;;;;;;;;;;;;;;;;;;;;;;;;;;;;;;;;;;;;;;;;;;;;;;;;;;;;;;;;;;;;;
Risky usnarto;5 tahun lalu;5;;;;;;;;;;;;;;;;;;;;;;;;;;;;;;;;;;;;;;;;;;;;;;;;;;;;;;;;;;;;;;;;;;;;;;;;;;
Dunia fauna;5 tahun lalu;5;;;;;;;;;;;;;;;;;;;;;;;;;;;;;;;;;;;;;;;;;;;;;;;;;;;;;;;;;;;;;;;;;;;;;;;;;;
Elang Bolang;3 tahun lalu;5;;;;;;;;;;;;;;;;;;;;;;;;;;;;;;;;;;;;;;;;;;;;;;;;;;;;;;;;;;;;;;;;;;;;;;;;;;
Revi Rinanggit;2 tahun lalu;5;;;;;;;;;;;;;;;;;;;;;;;;;;;;;;;;;;;;;;;;;;;;;;;;;;;;;;;;;;;;;;;;;;;;;;;;;;
Desilek Peyang;4 tahun lalu;5;;;;;;;;;;;;;;;;;;;;;;;;;;;;;;;;;;;;;;;;;;;;;;;;;;;;;;;;;;;;;;;;;;;;;;;;;;
